const unsigned char model[] = {
  0x20, 0x00, 0x00, 0x00, 0x54, 0x46, 0x4c, 0x33, 0x00, 0x00, 0x00, 0x00,
  0x14, 0x00, 0x20, 0x00, 0x1c, 0x00, 0x18, 0x00, 0x14, 0x00, 0x10, 0x00,
  0x0c, 0x00, 0x00, 0x00, 0x08, 0x00, 0x04, 0x00, 0x14, 0x00, 0x00, 0x00,
  0x1c, 0x00, 0x00, 0x00, 0x88, 0x00, 0x00, 0x00, 0xe0, 0x00, 0x00, 0x00,
  0x2c, 0x2b, 0x00, 0x00, 0x3c, 0x2b, 0x00, 0x00, 0x7c, 0x43, 0x00, 0x00,
  0x03, 0x00, 0x00, 0x00, 0x01, 0x00, 0x00, 0x00, 0x04, 0x00, 0x00, 0x00,
  0x9e, 0xd3, 0xff, 0xff, 0x0c, 0x00, 0x00, 0x00, 0x1c, 0x00, 0x00, 0x00,
  0x38, 0x00, 0x00, 0x00, 0x0f, 0x00, 0x00, 0x00, 0x73, 0x65, 0x72, 0x76,
  0x69, 0x6e, 0x67, 0x5f, 0x64, 0x65, 0x66, 0x61, 0x75, 0x6c, 0x74, 0x00,
  0x01, 0x00, 0x00, 0x00, 0x04, 0x00, 0x00, 0x00, 0x94, 0xff, 0xff, 0xff,
  0x17, 0x00, 0x00, 0x00, 0x04, 0x00, 0x00, 0x00, 0x07, 0x00, 0x00, 0x00,
  0x64, 0x65, 0x6e, 0x73, 0x65, 0x5f, 0x31, 0x00, 0x01, 0x00, 0x00, 0x00,
  0x04, 0x00, 0x00, 0x00, 0x7e, 0xd4, 0xff, 0xff, 0x04, 0x00, 0x00, 0x00,
  0x0c, 0x00, 0x00, 0x00, 0x63, 0x6f, 0x6e, 0x76, 0x32, 0x64, 0x5f, 0x69,
  0x6e, 0x70, 0x75, 0x74, 0x00, 0x00, 0x00, 0x00, 0x02, 0x00, 0x00, 0x00,
  0x34, 0x00, 0x00, 0x00, 0x04, 0x00, 0x00, 0x00, 0xdc, 0xff, 0xff, 0xff,
  0x1a, 0x00, 0x00, 0x00, 0x04, 0x00, 0x00, 0x00, 0x13, 0x00, 0x00, 0x00,
  0x43, 0x4f, 0x4e, 0x56, 0x45, 0x52, 0x53, 0x49, 0x4f, 0x4e, 0x5f, 0x4d,
  0x45, 0x54, 0x41, 0x44, 0x41, 0x54, 0x41, 0x00, 0x08, 0x00, 0x0c, 0x00,
  0x08, 0x00, 0x04, 0x00, 0x08, 0x00, 0x00, 0x00, 0x19, 0x00, 0x00, 0x00,
  0x04, 0x00, 0x00, 0x00, 0x13, 0x00, 0x00, 0x00, 0x6d, 0x69, 0x6e, 0x5f,
  0x72, 0x75, 0x6e, 0x74, 0x69, 0x6d, 0x65, 0x5f, 0x76, 0x65, 0x72, 0x73,
  0x69, 0x6f, 0x6e, 0x00, 0x1b, 0x00, 0x00, 0x00, 0x48, 0x2a, 0x00, 0x00,
  0x40, 0x2a, 0x00, 0x00, 0x28, 0x2a, 0x00, 0x00, 0x0c, 0x2a, 0x00, 0x00,
  0x9c, 0x29, 0x00, 0x00, 0x0c, 0x29, 0x00, 0x00, 0xfc, 0x18, 0x00, 0x00,
  0x6c, 0x18, 0x00, 0x00, 0x5c, 0x06, 0x00, 0x00, 0x0c, 0x06, 0x00, 0x00,
  0x7c, 0x01, 0x00, 0x00, 0x4c, 0x01, 0x00, 0x00, 0xf4, 0x00, 0x00, 0x00,
  0xec, 0x00, 0x00, 0x00, 0xe4, 0x00, 0x00, 0x00, 0xdc, 0x00, 0x00, 0x00,
  0xd4, 0x00, 0x00, 0x00, 0xcc, 0x00, 0x00, 0x00, 0xc4, 0x00, 0x00, 0x00,
  0xbc, 0x00, 0x00, 0x00, 0xb4, 0x00, 0x00, 0x00, 0xac, 0x00, 0x00, 0x00,
  0xa4, 0x00, 0x00, 0x00, 0x9c, 0x00, 0x00, 0x00, 0x94, 0x00, 0x00, 0x00,
  0x74, 0x00, 0x00, 0x00, 0x04, 0x00, 0x00, 0x00, 0x66, 0xd5, 0xff, 0xff,
  0x04, 0x00, 0x00, 0x00, 0x60, 0x00, 0x00, 0x00, 0x0c, 0x00, 0x00, 0x00,
  0x08, 0x00, 0x0e, 0x00, 0x08, 0x00, 0x04, 0x00, 0x08, 0x00, 0x00, 0x00,
  0x10, 0x00, 0x00, 0x00, 0x28, 0x00, 0x00, 0x00, 0x00, 0x00, 0x06, 0x00,
  0x08, 0x00, 0x04, 0x00, 0x06, 0x00, 0x00, 0x00, 0x04, 0x00, 0x00, 0x00,
  0x01, 0x00, 0x00, 0x00, 0xeb, 0x03, 0x00, 0x00, 0x0c, 0x00, 0x18, 0x00,
  0x14, 0x00, 0x10, 0x00, 0x0c, 0x00, 0x04, 0x00, 0x0c, 0x00, 0x00, 0x00,
  0xda, 0xab, 0x8a, 0x24, 0x0d, 0x29, 0x77, 0x1f, 0x02, 0x00, 0x00, 0x00,
  0x02, 0x00, 0x00, 0x00, 0x04, 0x00, 0x00, 0x00, 0x06, 0x00, 0x00, 0x00,
  0x32, 0x2e, 0x32, 0x30, 0x2e, 0x30, 0x00, 0x00, 0xd2, 0xd5, 0xff, 0xff,
  0x04, 0x00, 0x00, 0x00, 0x10, 0x00, 0x00, 0x00, 0x31, 0x2e, 0x31, 0x34,
  0x2e, 0x30, 0x00, 0x00, 0x00, 0x00, 0x00, 0x00, 0x00, 0x00, 0x00, 0x00,
  0x28, 0xbf, 0xff, 0xff, 0x2c, 0xbf, 0xff, 0xff, 0x30, 0xbf, 0xff, 0xff,
  0x34, 0xbf, 0xff, 0xff, 0x38, 0xbf, 0xff, 0xff, 0x3c, 0xbf, 0xff, 0xff,
  0x40, 0xbf, 0xff, 0xff, 0x44, 0xbf, 0xff, 0xff, 0x48, 0xbf, 0xff, 0xff,
  0x4c, 0xbf, 0xff, 0xff, 0x50, 0xbf, 0xff, 0xff, 0x54, 0xbf, 0xff, 0xff,
  0x1e, 0xd6, 0xff, 0xff, 0x04, 0x00, 0x00, 0x00, 0x48, 0x00, 0x00, 0x00,
  0x81, 0x00, 0x00, 0xb2, 0x66, 0x65, 0x00, 0x00, 0x00, 0x81, 0x00, 0x00,
  0xa3, 0x00, 0x00, 0x00, 0x00, 0x00, 0x00, 0x7f, 0x00, 0x00, 0x00, 0x00,
  0x00, 0x91, 0x00, 0x5f, 0x7f, 0x00, 0xba, 0x00, 0xbd, 0xa5, 0x3c, 0x00,
  0xa1, 0x7c, 0x81, 0x00, 0x70, 0x00, 0x00, 0x91, 0x00, 0x00, 0x00, 0x00,
  0x00, 0x7f, 0x00, 0x94, 0x00, 0x00, 0x00, 0x00, 0x7b, 0x7f, 0x4b, 0x5f,
  0x4f, 0x7d, 0x00, 0x00, 0x50, 0x00, 0x7f, 0x00, 0x00, 0x00, 0x00, 0xa2,
  0x72, 0xd6, 0xff, 0xff, 0x04, 0x00, 0x00, 0x00, 0x20, 0x00, 0x00, 0x00,
  0xc8, 0xfd, 0xff, 0xff, 0x00, 0x00, 0x00, 0x00, 0x08, 0x20, 0x00, 0x00,
  0x61, 0x0d, 0x00, 0x00, 0x2c, 0xfc, 0xff, 0xff, 0xa8, 0xff, 0xff, 0xff,
  0xc7, 0xc5, 0xff, 0xff, 0x6e, 0xf3, 0xff, 0xff, 0x9e, 0xd6, 0xff, 0xff,
  0x04, 0x00, 0x00, 0x00, 0x80, 0x04, 0x00, 0x00, 0x2c, 0x00, 0x29, 0x00,
  0x00, 0x00, 0x20, 0x00, 0x58, 0x00, 0x00, 0xc6, 0x00, 0x24, 0x25, 0xce,
  0x1b, 0xd9, 0x00, 0xcb, 0xd0, 0x00, 0x00, 0x29, 0x00, 0x00, 0x27, 0x00,
  0xda, 0x25, 0xcc, 0xd6, 0x27, 0x00, 0x00, 0x00, 0x00, 0x2b, 0x00, 0x30,
  0x27, 0x23, 0x35, 0xc8, 0x00, 0x00, 0x3d, 0x33, 0x00, 0x00, 0x3f, 0x00,
  0xd5, 0xc4, 0x00, 0xd4, 0x00, 0x00, 0x24, 0x2f, 0x35, 0x00, 0x00, 0x00,
  0xc4, 0x00, 0x7f, 0x00, 0x00, 0x00, 0x25, 0x00, 0x36, 0x00, 0x81, 0x94,
  0x5b, 0x00, 0x57, 0x30, 0x00, 0x39, 0xa9, 0xc8, 0x9e, 0x00, 0x00, 0x35,
  0x87, 0x00, 0x00, 0x00, 0xb9, 0xb7, 0x00, 0x30, 0x52, 0x00, 0x00, 0x00,
  0x35, 0x6b, 0x4a, 0x00, 0x00, 0x00, 0x00, 0x00, 0x00, 0x00, 0x3c, 0x5b,
  0xbe, 0x00, 0x4f, 0x2f, 0xc2, 0xc2, 0x44, 0x00, 0x00, 0x00, 0x3d, 0x00,
  0x00, 0x00, 0xc4, 0x00, 0x00, 0x42, 0x73, 0x40, 0x00, 0x00, 0x00, 0x41,
  0x00, 0x00, 0x3d, 0x48, 0xb4, 0x00, 0xb4, 0x4d, 0xb8, 0x00, 0x00, 0x00,
  0x70, 0x00, 0x00, 0x00, 0x00, 0x00, 0x4d, 0x2f, 0x55, 0x5f, 0x3e, 0x5c,
  0x87, 0x00, 0x00, 0x00, 0x00, 0x00, 0x39, 0x44, 0x00, 0x00, 0x00, 0x00,
  0x00, 0x00, 0x00, 0x00, 0x99, 0x00, 0x7f, 0x6f, 0x00, 0x00, 0xb4, 0x00,
  0x00, 0x00, 0x53, 0x74, 0x00, 0x00, 0xc2, 0x49, 0x00, 0x00, 0x00, 0x00,
  0x00, 0x8f, 0x00, 0x00, 0x00, 0x00, 0x00, 0xc6, 0xb6, 0x86, 0x00, 0x00,
  0x00, 0x47, 0x00, 0x00, 0xc7, 0xc7, 0x92, 0x00, 0x45, 0xd4, 0x00, 0x2d,
  0x00, 0xcb, 0x00, 0x00, 0x7f, 0x2c, 0xcd, 0x2e, 0x5d, 0x00, 0x00, 0x00,
  0x00, 0x2d, 0x00, 0x00, 0x00, 0x00, 0x00, 0x00, 0x00, 0x00, 0x43, 0x00,
  0x00, 0xcf, 0xcb, 0x34, 0x5b, 0x2b, 0x43, 0x45, 0x5e, 0x59, 0x37, 0x00,
  0x00, 0x00, 0x00, 0x4f, 0x00, 0x48, 0x00, 0x00, 0xd0, 0xce, 0x00, 0x3f,
  0x00, 0x00, 0x00, 0x00, 0x00, 0x34, 0x00, 0x00, 0x00, 0x00, 0xd8, 0x2b,
  0x00, 0x00, 0x00, 0x66, 0x43, 0x00, 0x00, 0x00, 0x00, 0x00, 0x00, 0x4b,
  0x54, 0x29, 0x00, 0xd2, 0x00, 0x00, 0x29, 0x54, 0x00, 0x24, 0xbf, 0x00,
  0x64, 0x00, 0x00, 0x3e, 0x33, 0x4c, 0x00, 0x00, 0x00, 0x00, 0xd0, 0x00,
  0x00, 0x3e, 0x00, 0x00, 0x37, 0x28, 0xe0, 0x2f, 0x00, 0x00, 0xd5, 0x00,
  0x7f, 0x00, 0x00, 0x00, 0x35, 0x23, 0x37, 0x00, 0x31, 0xdf, 0x00, 0x00,
  0x33, 0x00, 0x00, 0xd9, 0x29, 0x00, 0x00, 0x00, 0x00, 0x00, 0x00, 0x00,
  0x5f, 0xd6, 0x00, 0xd7, 0x55, 0x38, 0x29, 0x00, 0x98, 0x00, 0x00, 0x00,
  0x68, 0x59, 0x00, 0x00, 0x00, 0x91, 0x58, 0x8c, 0x00, 0x00, 0x87, 0x00,
  0x5f, 0x00, 0x90, 0x00, 0x52, 0x00, 0x00, 0x95, 0x00, 0x00, 0x00, 0x00,
  0x00, 0x00, 0x00, 0x00, 0x6b, 0x00, 0xb2, 0x00, 0x55, 0x52, 0xb3, 0x00,
  0x64, 0x57, 0x9b, 0x8c, 0x00, 0xb4, 0x00, 0x9b, 0x66, 0x00, 0x00, 0x00,
  0x81, 0x51, 0x00, 0x00, 0x00, 0x00, 0x00, 0x00, 0x5d, 0x00, 0x9f, 0x8e,
  0x00, 0x00, 0x00, 0x84, 0x8f, 0x00, 0x00, 0x8e, 0x64, 0x8a, 0x00, 0x00,
  0x00, 0x00, 0x9e, 0x67, 0x8e, 0x00, 0x9f, 0x00, 0x00, 0x00, 0x00, 0x00,
  0x00, 0x00, 0x5a, 0x00, 0xa3, 0x00, 0x00, 0x00, 0x00, 0x00, 0x00, 0x00,
  0x00, 0x8a, 0x97, 0x00, 0x00, 0x00, 0x5f, 0x00, 0xa4, 0x00, 0x00, 0x00,
  0x60, 0x00, 0x5b, 0x00, 0x00, 0x88, 0x90, 0x81, 0x54, 0x69, 0x97, 0x98,
  0x62, 0x52, 0x00, 0x00, 0x83, 0x00, 0x00, 0x00, 0x00, 0x00, 0x93, 0x00,
  0x00, 0x00, 0x00, 0x00, 0x00, 0xa8, 0x55, 0x9a, 0x00, 0x00, 0x00, 0x00,
  0x37, 0x00, 0xc7, 0x00, 0x7f, 0x00, 0x00, 0x00, 0x00, 0x5a, 0x00, 0x00,
  0x4c, 0x00, 0x00, 0x58, 0x44, 0x00, 0x00, 0x00, 0x63, 0x00, 0x00, 0x00,
  0x00, 0x00, 0x00, 0x00, 0x61, 0x00, 0x00, 0x00, 0x61, 0x00, 0x00, 0x00,
  0x00, 0x00, 0x00, 0x44, 0x3b, 0x5d, 0x00, 0x00, 0x00, 0xc1, 0x00, 0x00,
  0x00, 0x00, 0x00, 0xc1, 0x45, 0xbc, 0xc4, 0x56, 0x7c, 0x00, 0x4e, 0x00,
  0x00, 0x00, 0x40, 0x00, 0x6a, 0x65, 0x00, 0x00, 0x00, 0x00, 0x49, 0x3d,
  0xb1, 0x00, 0x6f, 0x48, 0x99, 0x00, 0x00, 0x00, 0x94, 0x00, 0x66, 0x6a,
  0x00, 0x00, 0x00, 0x00, 0x00, 0x00, 0x00, 0x38, 0x97, 0x00, 0x65, 0x69,
  0x00, 0x00, 0x00, 0x00, 0x00, 0xaf, 0x7f, 0x7c, 0x00, 0x00, 0x00, 0xc7,
  0x00, 0x00, 0x00, 0x00, 0xc7, 0x00, 0xaf, 0xab, 0x00, 0x3e, 0x54, 0x00,
  0x00, 0x00, 0x00, 0x00, 0x00, 0x00, 0x00, 0x00, 0x00, 0xad, 0xa3, 0x3d,
  0x92, 0x3e, 0x00, 0x00, 0xc3, 0xc3, 0x00, 0x00, 0x34, 0x00, 0x31, 0x00,
  0x00, 0x00, 0x00, 0x00, 0x00, 0x36, 0x00, 0x45, 0x34, 0x61, 0x00, 0x00,
  0x00, 0xd0, 0x00, 0xa4, 0xc7, 0x00, 0x26, 0x00, 0xc9, 0x2f, 0xdb, 0xd0,
  0x00, 0xbf, 0xda, 0x00, 0x7f, 0x00, 0x34, 0x00, 0x68, 0x6d, 0x00, 0x00,
  0x00, 0x00, 0xca, 0x00, 0xd3, 0x00, 0x00, 0x00, 0xc2, 0xcc, 0xdd, 0xda,
  0x00, 0x00, 0x00, 0x00, 0x68, 0x00, 0x00, 0x00, 0x40, 0x00, 0x30, 0x00,
  0x49, 0x00, 0x00, 0x00, 0x2e, 0x42, 0x00, 0x00, 0x00, 0x21, 0x7f, 0x62,
  0x26, 0x00, 0x00, 0x1a, 0x15, 0xdb, 0x6f, 0x5c, 0x00, 0x1f, 0x00, 0x00,
  0x00, 0xde, 0x36, 0x38, 0x00, 0x20, 0x00, 0x33, 0x00, 0x00, 0x00, 0xe2,
  0x44, 0xd6, 0x00, 0x00, 0x00, 0x1b, 0x00, 0xd0, 0x00, 0xe2, 0x00, 0xdb,
  0x3c, 0x1f, 0x37, 0x29, 0x47, 0x38, 0xd5, 0x00, 0x00, 0x00, 0x00, 0xd9,
  0x00, 0x18, 0x00, 0x00, 0x00, 0x1b, 0xcf, 0xe1, 0x00, 0xde, 0x00, 0x00,
  0x26, 0x00, 0x00, 0x00, 0x00, 0xde, 0x00, 0x00, 0x00, 0x2e, 0x00, 0x4b,
  0x43, 0x00, 0x00, 0x00, 0x43, 0x00, 0x00, 0x00, 0x65, 0x65, 0x00, 0xcf,
  0x00, 0xcc, 0xd5, 0x47, 0x00, 0x00, 0x35, 0x00, 0x00, 0x3f, 0x00, 0x00,
  0x00, 0x00, 0x00, 0x00, 0x30, 0x00, 0x4c, 0x00, 0x40, 0x00, 0x00, 0x00,
  0x00, 0x00, 0x00, 0x5e, 0x7f, 0x3b, 0x00, 0x00, 0x00, 0x00, 0x41, 0x00,
  0x52, 0x00, 0x00, 0xc6, 0xbe, 0x00, 0x00, 0x00, 0x00, 0x00, 0x00, 0xbc,
  0x40, 0x2d, 0x2e, 0x4c, 0x31, 0x00, 0x00, 0x00, 0x7f, 0x00, 0x00, 0x38,
  0x00, 0x6d, 0xbf, 0x00, 0x00, 0x45, 0x68, 0x00, 0x3c, 0x00, 0x00, 0x00,
  0x00, 0x00, 0x00, 0x36, 0x00, 0x40, 0x00, 0x00, 0x76, 0x00, 0x96, 0x66,
  0x4a, 0x00, 0x00, 0xb9, 0xcc, 0xcb, 0x00, 0x00, 0x68, 0x00, 0x00, 0x00,
  0x4a, 0x47, 0x00, 0x00, 0x50, 0x00, 0xbf, 0x00, 0x60, 0x00, 0x00, 0x00,
  0x3e, 0x4c, 0x00, 0x00, 0xd0, 0x00, 0x00, 0x41, 0x00, 0xcc, 0x45, 0x4e,
  0x66, 0x00, 0x3b, 0x00, 0x00, 0x00, 0x00, 0x00, 0x00, 0x00, 0x4e, 0x00,
  0x37, 0x00, 0x00, 0x23, 0x00, 0x00, 0x7f, 0x65, 0x00, 0x00, 0x00, 0x00,
  0xb2, 0x00, 0x69, 0x73, 0x41, 0x00, 0x00, 0x5d, 0x00, 0x00, 0x00, 0x00,
  0xcd, 0x00, 0x3e, 0x00, 0x00, 0x00, 0x00, 0x25, 0x00, 0xc2, 0xd6, 0xc7,
  0x00, 0x00, 0x29, 0x00, 0x00, 0x37, 0x00, 0xd5, 0x00, 0x24, 0x00, 0x00,
  0x00, 0x00, 0x00, 0x00, 0x00, 0x00, 0x00, 0xc5, 0x00, 0x00, 0x00, 0x00,
  0x00, 0x00, 0x00, 0x00, 0x00, 0x00, 0x00, 0xb6, 0x00, 0x00, 0x81, 0x00,
  0x00, 0x45, 0x00, 0x00, 0x00, 0x00, 0x00, 0x00, 0x00, 0xcf, 0x47, 0x39,
  0x00, 0x30, 0x00, 0x00, 0xb2, 0x00, 0x00, 0x38, 0x00, 0x00, 0x00, 0x00,
  0x00, 0x50, 0x38, 0x00, 0x00, 0x00, 0x00, 0xc9, 0xbf, 0x00, 0x00, 0x00,
  0x29, 0x00, 0x00, 0xbc, 0x00, 0x00, 0x00, 0x32, 0xd3, 0x40, 0x00, 0x00,
  0x00, 0x00, 0x00, 0x00, 0x00, 0x2f, 0x64, 0x38, 0x00, 0xd1, 0x00, 0x4a,
  0xcf, 0x00, 0x00, 0x00, 0x00, 0xb5, 0x00, 0x00, 0x00, 0x00, 0x32, 0x00,
  0x5a, 0x00, 0x00, 0xd7, 0x00, 0x00, 0x00, 0x00, 0x00, 0xd7, 0xcb, 0x00,
  0x62, 0xd3, 0x00, 0x54, 0x7e, 0x60, 0x00, 0x30, 0x00, 0x00, 0x00, 0xcd,
  0x00, 0x43, 0x00, 0x00, 0x00, 0x00, 0x00, 0x00, 0x6e, 0x00, 0xd5, 0x00,
  0x3f, 0x00, 0x00, 0x4c, 0x7f, 0x00, 0x00, 0x00, 0x00, 0x2e, 0xc3, 0x00,
  0x00, 0x2c, 0x00, 0x00, 0x00, 0x00, 0x00, 0x35, 0x5e, 0x00, 0x00, 0xd2,
  0x5a, 0x00, 0xd5, 0x3a, 0x56, 0x00, 0x38, 0x00, 0x2a, 0xdb, 0xff, 0xff,
  0x04, 0x00, 0x00, 0x00, 0x40, 0x00, 0x00, 0x00, 0x10, 0xf2, 0xff, 0xff,
  0xfe, 0xed, 0xff, 0xff, 0x02, 0x05, 0x00, 0x00, 0x77, 0x01, 0x00, 0x00,
  0xea, 0xfc, 0xff, 0xff, 0xd0, 0xf5, 0xff, 0xff, 0x14, 0xf5, 0xff, 0xff,
  0xf2, 0xfd, 0xff, 0xff, 0x6e, 0x08, 0x00, 0x00, 0x9c, 0x01, 0x00, 0x00,
  0x65, 0x02, 0x00, 0x00, 0x72, 0xfd, 0xff, 0xff, 0xcd, 0xfc, 0xff, 0xff,
  0xfa, 0x15, 0x00, 0x00, 0x9c, 0xfc, 0xff, 0xff, 0x05, 0x0c, 0x00, 0x00,
  0x76, 0xdb, 0xff, 0xff, 0x04, 0x00, 0x00, 0x00, 0x00, 0x12, 0x00, 0x00,
  0x39, 0x4f, 0x59, 0x00, 0xb7, 0x00, 0x2b, 0x00, 0x6e, 0x00, 0xd0, 0x31,
  0x00, 0x00, 0x00, 0xb2, 0x00, 0x00, 0x54, 0x00, 0xb7, 0xd1, 0xca, 0x84,
  0x00, 0xa5, 0x00, 0x00, 0x00, 0x00, 0x00, 0x95, 0x00, 0x3a, 0x40, 0x00,
  0xcb, 0x00, 0x31, 0xac, 0x00, 0x00, 0xb2, 0x00, 0x97, 0x00, 0x00, 0xd0,
  0x00, 0x00, 0x5f, 0xa8, 0x00, 0x00, 0xcc, 0xd1, 0x59, 0x00, 0x5d, 0x00,
  0x00, 0x7f, 0x00, 0xbb, 0x00, 0xd0, 0x4e, 0x00, 0x00, 0x00, 0x00, 0x00,
  0x6d, 0x00, 0x68, 0x00, 0x00, 0x00, 0x00, 0x00, 0x2d, 0x00, 0x59, 0x00,
  0xd4, 0x00, 0x00, 0x32, 0x3c, 0x00, 0x00, 0x00, 0x00, 0x00, 0x00, 0xd6,
  0x00, 0x00, 0x00, 0x00, 0x00, 0x00, 0xcf, 0xa8, 0x2b, 0x00, 0x31, 0x00,
  0x89, 0x39, 0x00, 0x00, 0xbd, 0xd0, 0xc3, 0xcf, 0x00, 0x00, 0x00, 0x00,
  0xcf, 0x00, 0xbc, 0x00, 0xcf, 0x00, 0x29, 0x00, 0x00, 0x00, 0xc0, 0x00,
  0x00, 0x00, 0xd5, 0x00, 0xc3, 0x00, 0xb7, 0x00, 0x00, 0x00, 0x00, 0x40,
  0x00, 0x00, 0x00, 0x00, 0x49, 0x00, 0x00, 0x53, 0x00, 0x45, 0x00, 0x4e,
  0x77, 0xe0, 0x00, 0x46, 0x41, 0x38, 0xd5, 0xcf, 0x00, 0x00, 0x2a, 0x00,
  0x00, 0xe2, 0xba, 0x00, 0x56, 0x9d, 0x00, 0xa6, 0x00, 0x00, 0x87, 0xe1,
  0xd2, 0x00, 0x00, 0x00, 0x00, 0x00, 0xd7, 0x00, 0x81, 0xc6, 0xd5, 0x00,
  0x4a, 0x00, 0xb2, 0xdb, 0x49, 0x00, 0xd4, 0x5e, 0x00, 0x51, 0x00, 0x00,
  0x00, 0x00, 0x00, 0x30, 0x00, 0x4d, 0x00, 0x00, 0xb1, 0x2c, 0xd8, 0x00,
  0x00, 0x00, 0xdc, 0x00, 0x5f, 0xb5, 0x2b, 0xa4, 0x00, 0x00, 0xc2, 0x00,
  0xc7, 0x00, 0xd1, 0x00, 0x00, 0x2f, 0x00, 0xd4, 0xa8, 0x94, 0xd4, 0x00,
  0x43, 0x4e, 0x41, 0x00, 0x00, 0x00, 0x00, 0x00, 0x4b, 0x00, 0x00, 0x3c,
  0x00, 0xd9, 0x36, 0x00, 0x3c, 0x00, 0xdb, 0x00, 0xbd, 0x00, 0x00, 0x00,
  0x40, 0x00, 0xd0, 0x00, 0xce, 0x00, 0x2b, 0xc0, 0x28, 0x00, 0xce, 0xc7,
  0xdc, 0xd1, 0x00, 0xcd, 0x00, 0xd2, 0x00, 0x00, 0x32, 0x00, 0x00, 0x00,
  0x2d, 0x00, 0x75, 0x00, 0xc9, 0x00, 0x00, 0xa7, 0x7f, 0xa1, 0x27, 0x00,
  0x90, 0x6f, 0xd8, 0x00, 0x00, 0x00, 0x37, 0x00, 0x00, 0x00, 0xd1, 0x00,
  0x6a, 0xd6, 0xd8, 0x25, 0xd2, 0x00, 0x00, 0xb6, 0x00, 0x00, 0x00, 0xd1,
  0xad, 0x00, 0x00, 0x00, 0x00, 0x00, 0xb9, 0x00, 0xd6, 0xce, 0x00, 0xad,
  0x00, 0x00, 0x00, 0x00, 0x29, 0x00, 0x00, 0x00, 0x00, 0x00, 0x64, 0x00,
  0x00, 0x52, 0xd5, 0x00, 0x00, 0x00, 0x4d, 0x3d, 0x00, 0x00, 0xdc, 0x00,
  0x00, 0x00, 0x29, 0x27, 0x00, 0x26, 0xbf, 0x00, 0x00, 0x00, 0x00, 0x00,
  0x4e, 0x00, 0x00, 0x00, 0x64, 0x00, 0x41, 0x00, 0x51, 0x00, 0x00, 0x2b,
  0x00, 0x00, 0xdb, 0x00, 0x3c, 0x00, 0x00, 0x60, 0xcb, 0x00, 0x33, 0x25,
  0x2d, 0x00, 0x00, 0x2c, 0xb9, 0x00, 0x00, 0x37, 0x26, 0x2a, 0x00, 0x00,
  0x00, 0xcb, 0x35, 0x00, 0x5c, 0xce, 0xc2, 0x00, 0xda, 0xbe, 0xa7, 0x41,
  0x2d, 0x26, 0x00, 0x00, 0xbc, 0x00, 0x47, 0x00, 0x00, 0x2c, 0x00, 0x4c,
  0x00, 0xdb, 0x00, 0x00, 0x00, 0x00, 0x32, 0x00, 0x81, 0x00, 0xb0, 0xc8,
  0x00, 0x00, 0x00, 0x00, 0x00, 0x00, 0x00, 0x00, 0x2b, 0x28, 0xd5, 0x00,
  0xdc, 0x00, 0x00, 0xbc, 0x00, 0x4c, 0xd6, 0x28, 0x00, 0x3b, 0xbc, 0xc1,
  0x00, 0x00, 0x00, 0xd7, 0xbe, 0xd0, 0xdb, 0xb6, 0x00, 0xcf, 0x00, 0xc3,
  0x00, 0x29, 0x00, 0x00, 0x00, 0x00, 0x00, 0xc5, 0x2d, 0x00, 0x00, 0xc8,
  0x00, 0x00, 0x00, 0xcf, 0x00, 0x00, 0x45, 0x00, 0x2b, 0x00, 0xd4, 0x00,
  0x00, 0x00, 0xd1, 0x00, 0xdc, 0x00, 0x00, 0xdc, 0x38, 0x3c, 0x3b, 0x00,
  0xce, 0x00, 0x00, 0xd4, 0x00, 0x00, 0x00, 0x00, 0x00, 0x00, 0x00, 0x85,
  0x00, 0x28, 0x00, 0xcf, 0xc3, 0x00, 0x00, 0x00, 0x36, 0xc7, 0x31, 0xd8,
  0x00, 0x3a, 0x38, 0x00, 0x00, 0x00, 0x00, 0x00, 0x00, 0x23, 0x00, 0x00,
  0x64, 0xb5, 0x53, 0x00, 0xda, 0x6c, 0x00, 0x31, 0x34, 0x2f, 0x00, 0x00,
  0xca, 0x00, 0x00, 0x00, 0x25, 0x00, 0x2b, 0x00, 0x00, 0x4b, 0x00, 0x33,
  0x00, 0x00, 0xd3, 0x1b, 0x58, 0x00, 0xd9, 0x4b, 0x34, 0x45, 0x00, 0x00,
  0x7b, 0xc6, 0x00, 0x22, 0xe4, 0x1c, 0x00, 0x1b, 0x3d, 0x1c, 0x00, 0x27,
  0xd9, 0x00, 0x29, 0x2c, 0x23, 0x00, 0x00, 0x00, 0xd8, 0x00, 0x00, 0xc1,
  0x00, 0xdc, 0x00, 0x00, 0x00, 0xbe, 0x26, 0xd5, 0x3b, 0x00, 0x00, 0xbc,
  0x00, 0x00, 0xe1, 0x4b, 0x51, 0x00, 0x00, 0x2d, 0x00, 0x55, 0x1a, 0x36,
  0x66, 0x2b, 0x1f, 0x2a, 0x00, 0xde, 0x00, 0x37, 0x00, 0x00, 0x00, 0x00,
  0x00, 0x30, 0xc4, 0x30, 0x00, 0xd2, 0x00, 0x00, 0x00, 0x00, 0xd7, 0x27,
  0xb4, 0x00, 0x00, 0xd6, 0x00, 0xd6, 0xa5, 0x00, 0x00, 0x9f, 0xde, 0x81,
  0x20, 0x00, 0x37, 0x00, 0x00, 0xdf, 0x00, 0x26, 0x00, 0x24, 0x1c, 0x26,
  0x26, 0x40, 0x00, 0xcb, 0x2c, 0x00, 0x00, 0x00, 0x00, 0xe3, 0x00, 0x22,
  0x30, 0x00, 0x00, 0x00, 0xd7, 0x00, 0x00, 0x00, 0x00, 0x00, 0x00, 0x00,
  0xc4, 0xe0, 0xe2, 0xd4, 0x00, 0x00, 0x00, 0x00, 0x00, 0xcd, 0x00, 0xa5,
  0x00, 0x00, 0xba, 0x45, 0x00, 0x00, 0x36, 0x00, 0xc0, 0x70, 0x00, 0x2e,
  0x7f, 0xd7, 0x39, 0x00, 0x00, 0x00, 0xd3, 0x52, 0x00, 0xd0, 0x00, 0x00,
  0xd6, 0x40, 0x00, 0x56, 0x00, 0x00, 0x00, 0x7a, 0x00, 0x00, 0x00, 0x00,
  0xc9, 0x00, 0xcc, 0x43, 0x00, 0x39, 0x00, 0x00, 0x66, 0xcd, 0x00, 0x36,
  0x00, 0x00, 0x00, 0x7e, 0x00, 0x00, 0x33, 0x3a, 0x00, 0x00, 0xd0, 0x00,
  0x00, 0xd4, 0x3e, 0x00, 0x00, 0x2d, 0x42, 0x6b, 0x00, 0x3f, 0x37, 0x00,
  0xd6, 0x00, 0x00, 0x63, 0x00, 0x00, 0x00, 0x00, 0xdb, 0x30, 0x2a, 0x00,
  0x00, 0xc7, 0x00, 0x00, 0xda, 0x00, 0x00, 0x00, 0x00, 0x00, 0x00, 0x9f,
  0x00, 0x00, 0x42, 0x00, 0x00, 0x00, 0x00, 0x00, 0x00, 0x00, 0x00, 0x00,
  0x00, 0x00, 0x00, 0x00, 0x00, 0x00, 0x63, 0x39, 0x00, 0x00, 0x3c, 0x00,
  0x37, 0xda, 0x00, 0x4f, 0x00, 0x00, 0x00, 0x2f, 0x00, 0x46, 0x41, 0x00,
  0xd7, 0x00, 0x00, 0x00, 0x5f, 0xd9, 0x00, 0x37, 0x00, 0x38, 0xd4, 0xcc,
  0x28, 0x4a, 0x68, 0x00, 0x00, 0x00, 0x00, 0xcb, 0x2f, 0x00, 0xd1, 0x00,
  0x00, 0x55, 0x35, 0xa1, 0x00, 0x00, 0x7c, 0x00, 0xa8, 0x00, 0x3b, 0x81,
  0x59, 0x00, 0x2f, 0x00, 0x00, 0x00, 0x00, 0xa8, 0xd0, 0x00, 0x79, 0x00,
  0x00, 0x00, 0x00, 0xc0, 0x27, 0xd5, 0x5f, 0x3e, 0x00, 0x59, 0x00, 0x00,
  0x00, 0x00, 0x00, 0x00, 0x00, 0x00, 0x00, 0xb7, 0x3c, 0xc0, 0x00, 0x00,
  0x00, 0x34, 0x00, 0xd7, 0x00, 0xd4, 0x00, 0xc2, 0x38, 0x00, 0x00, 0x00,
  0x4e, 0x00, 0x36, 0x00, 0x3d, 0x00, 0x00, 0x00, 0x00, 0xd2, 0x00, 0x00,
  0xc9, 0x00, 0x00, 0x00, 0x00, 0x00, 0x00, 0x00, 0x37, 0x00, 0x00, 0x00,
  0x00, 0x00, 0x00, 0x00, 0xc4, 0xd2, 0x00, 0xcb, 0x00, 0x00, 0x00, 0xca,
  0xd8, 0xca, 0x4a, 0xb8, 0xc9, 0x00, 0x00, 0xd9, 0x00, 0x00, 0x00, 0x30,
  0x36, 0xce, 0xd3, 0xd2, 0x00, 0x00, 0x00, 0x00, 0x00, 0xd3, 0xcb, 0x00,
  0x00, 0xca, 0x2e, 0x00, 0xa8, 0xd7, 0xd3, 0x28, 0x00, 0xd0, 0x00, 0x00,
  0xc7, 0xd6, 0x00, 0xd2, 0x00, 0xc8, 0x00, 0x26, 0x00, 0x00, 0x00, 0xcc,
  0x00, 0x8c, 0x00, 0xc6, 0xd3, 0x00, 0x00, 0x00, 0x5f, 0x00, 0x00, 0x00,
  0xd6, 0x5d, 0x00, 0x00, 0x00, 0xb7, 0x00, 0x00, 0x00, 0x00, 0xa1, 0x2b,
  0x00, 0x00, 0xd1, 0x00, 0xc0, 0x00, 0x00, 0x41, 0x75, 0x00, 0x00, 0x00,
  0x00, 0x35, 0x00, 0x29, 0xd4, 0x00, 0x2f, 0x00, 0x00, 0x00, 0x2f, 0x00,
  0x00, 0x00, 0x00, 0xcb, 0x00, 0x44, 0xde, 0x28, 0x3f, 0x00, 0xc7, 0x00,
  0x00, 0x00, 0x00, 0x2b, 0xd7, 0x00, 0x42, 0x00, 0x00, 0x00, 0x40, 0x7f,
  0xb7, 0x00, 0x00, 0x27, 0x00, 0x44, 0x00, 0x46, 0x00, 0xdc, 0x28, 0xc7,
  0xd1, 0x2f, 0x6e, 0x00, 0x31, 0x00, 0xd6, 0x00, 0x54, 0x00, 0x00, 0x00,
  0x00, 0x3c, 0x00, 0x00, 0x00, 0x00, 0x00, 0x00, 0xc0, 0xcd, 0x00, 0x00,
  0x33, 0x00, 0x00, 0x00, 0x00, 0x00, 0x00, 0x00, 0x00, 0xc7, 0x3a, 0x00,
  0xcf, 0xc9, 0xd9, 0xc5, 0x5e, 0xd6, 0x63, 0x00, 0x00, 0x00, 0x00, 0x00,
  0x9d, 0x00, 0xa1, 0x00, 0xa5, 0x00, 0x00, 0x90, 0x00, 0x00, 0x00, 0x00,
  0x00, 0x00, 0x00, 0x00, 0xa7, 0x00, 0x00, 0x00, 0x00, 0xa6, 0x8f, 0x00,
  0x00, 0x00, 0x00, 0x88, 0x00, 0x8e, 0x00, 0x9e, 0x57, 0x8b, 0x00, 0x00,
  0x00, 0x65, 0x68, 0x00, 0x92, 0x00, 0x00, 0x00, 0x61, 0x00, 0x00, 0x00,
  0x98, 0xa8, 0xa5, 0x94, 0x86, 0x00, 0x58, 0x00, 0x96, 0x00, 0x00, 0x81,
  0x00, 0x66, 0x00, 0x96, 0x68, 0x00, 0x52, 0x8b, 0x00, 0x00, 0x00, 0x00,
  0x00, 0x8a, 0xa7, 0x00, 0x00, 0x00, 0x00, 0x00, 0x00, 0x5c, 0x00, 0x00,
  0x96, 0xaf, 0x00, 0x00, 0x00, 0x00, 0x00, 0x00, 0x00, 0x55, 0x00, 0x00,
  0x00, 0x00, 0x00, 0xac, 0x00, 0x00, 0x00, 0x6b, 0x00, 0x00, 0x00, 0x8d,
  0xae, 0x8b, 0x00, 0x00, 0x8d, 0x55, 0x6c, 0x00, 0x00, 0xa0, 0x00, 0xac,
  0x5f, 0x00, 0x00, 0xa8, 0x00, 0x00, 0x00, 0x60, 0x00, 0x00, 0x00, 0x00,
  0x00, 0x53, 0x00, 0x00, 0x00, 0x00, 0x54, 0x00, 0x00, 0x00, 0x55, 0x00,
  0x00, 0x00, 0xaf, 0x00, 0xb9, 0x00, 0x00, 0x4c, 0xaa, 0x00, 0x5d, 0x00,
  0x00, 0x00, 0x55, 0x00, 0x00, 0x00, 0x00, 0x9d, 0x00, 0x50, 0x00, 0x00,
  0xbb, 0x00, 0x00, 0xa0, 0x00, 0x00, 0x00, 0xa6, 0xba, 0x00, 0x53, 0x00,
  0x00, 0x00, 0x00, 0xb9, 0x8b, 0x00, 0xb9, 0x00, 0x00, 0x00, 0x00, 0x00,
  0x46, 0x95, 0x00, 0x00, 0x99, 0x00, 0xa8, 0x00, 0x00, 0x00, 0x5a, 0x5e,
  0x00, 0x00, 0xb9, 0xac, 0xa5, 0x45, 0x00, 0xb1, 0x9e, 0x00, 0x4b, 0x00,
  0xa6, 0x00, 0x00, 0x00, 0x46, 0x90, 0xba, 0x9c, 0xaa, 0x00, 0xa7, 0x00,
  0x00, 0x00, 0x00, 0x00, 0x00, 0x00, 0xa2, 0x00, 0xb2, 0x00, 0x00, 0x00,
  0x00, 0x00, 0x00, 0x00, 0x00, 0xbc, 0x00, 0x44, 0x00, 0x7f, 0x00, 0xb2,
  0x56, 0x00, 0x00, 0x00, 0x00, 0x00, 0x00, 0x00, 0x00, 0x00, 0x00, 0x00,
  0x00, 0x00, 0x00, 0xba, 0x96, 0x00, 0x00, 0x9b, 0x00, 0x00, 0x00, 0x00,
  0x00, 0x59, 0x00, 0x00, 0x96, 0x00, 0x00, 0x00, 0x00, 0x4b, 0x00, 0x00,
  0x34, 0x2f, 0x52, 0x77, 0x00, 0x00, 0x00, 0xd7, 0x00, 0x00, 0x00, 0x4b,
  0x00, 0x00, 0x00, 0xac, 0x50, 0x4e, 0x00, 0x00, 0x00, 0x00, 0x2b, 0x00,
  0x00, 0x30, 0xc2, 0x00, 0x00, 0xb0, 0x00, 0x81, 0x00, 0x50, 0x35, 0xdd,
  0xbd, 0x00, 0x29, 0x00, 0x00, 0x00, 0x00, 0x36, 0xcc, 0x00, 0x41, 0xdb,
  0xc9, 0x2f, 0x5f, 0xae, 0x00, 0x00, 0x00, 0x95, 0x51, 0x00, 0x00, 0x00,
  0x37, 0x00, 0x00, 0x00, 0x00, 0xd5, 0x54, 0x33, 0x00, 0x00, 0x00, 0x00,
  0x40, 0x00, 0x39, 0x00, 0x00, 0x00, 0xcb, 0x00, 0x00, 0x2e, 0x58, 0x00,
  0x00, 0x00, 0x00, 0x00, 0x00, 0x00, 0x4e, 0x00, 0xd7, 0x00, 0x00, 0x00,
  0xc7, 0x00, 0x00, 0x00, 0x00, 0x3c, 0x00, 0xbc, 0x00, 0x00, 0x00, 0x00,
  0xd1, 0x00, 0x00, 0x00, 0xdb, 0xc5, 0x87, 0xb8, 0xd8, 0xce, 0x00, 0x00,
  0x99, 0x00, 0x00, 0x00, 0x00, 0xb7, 0x00, 0x00, 0x00, 0x00, 0x00, 0x00,
  0x00, 0x38, 0x00, 0x00, 0x84, 0x00, 0x00, 0x00, 0x3c, 0x00, 0x00, 0xd9,
  0x00, 0x00, 0x00, 0x00, 0x00, 0x00, 0x00, 0x00, 0xa3, 0x81, 0x00, 0x00,
  0x00, 0x00, 0x00, 0x00, 0x00, 0x89, 0x00, 0x00, 0x00, 0x00, 0x72, 0x00,
  0x00, 0x00, 0x81, 0x00, 0xa6, 0x00, 0x66, 0x00, 0x00, 0x00, 0x94, 0x00,
  0x00, 0x85, 0x59, 0x79, 0x5c, 0x00, 0x7d, 0x00, 0x00, 0x00, 0x00, 0x00,
  0x00, 0x00, 0x8a, 0x00, 0x00, 0x78, 0x8e, 0x00, 0x00, 0x00, 0x00, 0x8b,
  0x00, 0x00, 0x00, 0x00, 0x00, 0x00, 0x00, 0x00, 0x00, 0x8c, 0x78, 0x94,
  0xa6, 0x00, 0x00, 0x70, 0x6c, 0x00, 0x00, 0x8f, 0x00, 0xa2, 0x00, 0x00,
  0x82, 0x00, 0x00, 0x70, 0x70, 0x00, 0x61, 0x6d, 0x00, 0x81, 0x00, 0x00,
  0x00, 0x00, 0x00, 0x00, 0x96, 0x61, 0xa6, 0x00, 0x00, 0x00, 0x00, 0x00,
  0x00, 0x00, 0x00, 0x00, 0x00, 0x00, 0x00, 0x86, 0x00, 0x00, 0x00, 0x00,
  0x00, 0x00, 0x00, 0x00, 0xa6, 0x00, 0x92, 0x00, 0x96, 0x00, 0x00, 0x00,
  0x00, 0x00, 0x00, 0x00, 0x00, 0x00, 0x00, 0x9d, 0x9d, 0x00, 0x5d, 0x00,
  0x00, 0xa7, 0x96, 0x00, 0x00, 0x00, 0x4c, 0x00, 0x81, 0x8d, 0x00, 0x00,
  0x00, 0x00, 0x00, 0x00, 0x00, 0x00, 0x00, 0x00, 0x00, 0x58, 0x00, 0x00,
  0xa8, 0x00, 0x00, 0x00, 0x00, 0x00, 0xa7, 0x00, 0x60, 0x00, 0x00, 0x00,
  0x00, 0x00, 0x66, 0xa8, 0x00, 0x00, 0x00, 0x00, 0x91, 0x00, 0x00, 0x5c,
  0x00, 0x9a, 0x4c, 0x00, 0x86, 0xa1, 0x9d, 0x00, 0x00, 0x5d, 0xb1, 0x00,
  0x00, 0x00, 0xb1, 0xb2, 0x00, 0x00, 0x00, 0x87, 0x50, 0x00, 0x00, 0x00,
  0x00, 0x9c, 0x00, 0x00, 0xae, 0x00, 0x00, 0x00, 0x00, 0xae, 0x00, 0x00,
  0xa4, 0x00, 0x00, 0x00, 0x00, 0xa9, 0x5f, 0x00, 0x00, 0x00, 0x00, 0x00,
  0x00, 0x00, 0x94, 0x00, 0x00, 0x00, 0x00, 0x00, 0x9d, 0x00, 0x00, 0x00,
  0x66, 0x00, 0x00, 0x00, 0x92, 0xa4, 0xa5, 0x5a, 0x00, 0x00, 0xae, 0x00,
  0x00, 0x00, 0x00, 0x00, 0x00, 0x00, 0x00, 0xa6, 0x00, 0x00, 0x00, 0x55,
  0x00, 0x00, 0x00, 0x00, 0x00, 0x85, 0x68, 0x00, 0x00, 0x00, 0x00, 0x00,
  0x00, 0x00, 0x00, 0x00, 0x63, 0x00, 0x00, 0x7f, 0xb2, 0x00, 0x4d, 0x67,
  0x6a, 0x00, 0x00, 0x00, 0x00, 0x00, 0x41, 0x00, 0x66, 0xc7, 0x00, 0x00,
  0xc6, 0x00, 0x00, 0x00, 0x60, 0x00, 0xcb, 0x00, 0x00, 0x00, 0x00, 0x30,
  0x00, 0x00, 0x32, 0x58, 0x00, 0x00, 0x00, 0x00, 0x00, 0x00, 0x00, 0x00,
  0x00, 0x00, 0x00, 0x6b, 0x00, 0x41, 0x00, 0x6c, 0x00, 0x00, 0x3d, 0x61,
  0x00, 0x00, 0x3c, 0x00, 0x00, 0x00, 0xb5, 0x00, 0x00, 0x00, 0x35, 0x56,
  0x00, 0x00, 0x00, 0x00, 0x00, 0xd2, 0x00, 0x00, 0x00, 0x33, 0x00, 0x30,
  0x00, 0x39, 0x00, 0x00, 0x00, 0x00, 0x00, 0x00, 0x3d, 0x00, 0x00, 0x40,
  0x00, 0x00, 0x65, 0x00, 0x00, 0x00, 0x00, 0x00, 0x00, 0x76, 0x43, 0x00,
  0x00, 0x3c, 0x00, 0x00, 0x55, 0xd3, 0x00, 0x36, 0x4e, 0x00, 0x00, 0x40,
  0x9f, 0x00, 0xd5, 0xcf, 0x00, 0x00, 0x00, 0x00, 0x00, 0x00, 0x3c, 0x00,
  0x00, 0x00, 0x00, 0x33, 0x00, 0x4e, 0x2e, 0x55, 0x00, 0x00, 0x00, 0x00,
  0x00, 0x00, 0x98, 0x48, 0x00, 0x00, 0x00, 0x00, 0xcc, 0x00, 0x00, 0x46,
  0x4a, 0x3c, 0xc4, 0x7a, 0x43, 0x00, 0xbe, 0x00, 0x46, 0x42, 0x00, 0x00,
  0xaa, 0x00, 0x00, 0x00, 0x7d, 0x00, 0x00, 0x5c, 0x30, 0x00, 0x00, 0x50,
  0x51, 0xcc, 0x00, 0x00, 0x3d, 0x00, 0x7f, 0x71, 0x5a, 0x00, 0x00, 0x00,
  0x00, 0x00, 0x00, 0x00, 0x00, 0x00, 0x00, 0x00, 0x00, 0x00, 0x00, 0x30,
  0x00, 0x00, 0x33, 0x00, 0x00, 0x00, 0x00, 0x00, 0x00, 0x00, 0x00, 0x00,
  0xc7, 0xcd, 0x4c, 0x41, 0x00, 0x00, 0x00, 0x00, 0x00, 0x39, 0x00, 0x00,
  0x00, 0x00, 0x00, 0x2e, 0x00, 0x00, 0x00, 0x00, 0x65, 0xc2, 0x00, 0xbc,
  0x00, 0x00, 0xb6, 0xa4, 0xb4, 0x00, 0x00, 0x00, 0x90, 0x00, 0x00, 0x00,
  0x34, 0x00, 0xc1, 0x00, 0x45, 0x33, 0x00, 0x00, 0x34, 0x42, 0x00, 0x00,
  0x00, 0x41, 0x49, 0x00, 0xb9, 0x58, 0x00, 0x00, 0x00, 0x42, 0x2f, 0x3a,
  0x00, 0x00, 0x00, 0x00, 0x32, 0x00, 0x00, 0x00, 0x58, 0x00, 0x41, 0xbe,
  0x00, 0x40, 0x59, 0x00, 0x00, 0x00, 0x00, 0x00, 0x6b, 0x00, 0x00, 0x8f,
  0x00, 0x5b, 0x00, 0x00, 0x00, 0x00, 0x7f, 0x00, 0x00, 0xbb, 0xc7, 0x9e,
  0x6e, 0x00, 0x00, 0x00, 0xac, 0x66, 0x00, 0x00, 0x44, 0x00, 0x3f, 0x00,
  0x00, 0x00, 0x00, 0x00, 0x79, 0x46, 0x3f, 0x45, 0x00, 0x39, 0x5e, 0xa0,
  0x00, 0x00, 0x00, 0x00, 0x34, 0x00, 0x00, 0x9f, 0x00, 0x3a, 0x00, 0x00,
  0x48, 0x00, 0x00, 0x00, 0x43, 0x00, 0x00, 0x00, 0x38, 0x00, 0x00, 0x00,
  0x00, 0x00, 0x50, 0x00, 0x00, 0x00, 0x00, 0x00, 0xbb, 0x00, 0x42, 0x00,
  0xab, 0xae, 0x00, 0x98, 0x00, 0xbb, 0x3b, 0x00, 0xbb, 0x00, 0x00, 0xad,
  0xbe, 0x00, 0x39, 0x00, 0x00, 0xc3, 0x00, 0x00, 0x7e, 0x00, 0x00, 0x00,
  0xc1, 0x00, 0x57, 0x37, 0x00, 0x00, 0x8d, 0x00, 0x00, 0x00, 0x00, 0x44,
  0xb1, 0x6d, 0xa6, 0x00, 0x00, 0xc3, 0x00, 0x00, 0x00, 0xbf, 0x85, 0x00,
  0x9d, 0x00, 0xae, 0x00, 0x88, 0x00, 0xaf, 0xbf, 0x00, 0xb5, 0x00, 0x9b,
  0xc5, 0x00, 0x00, 0x3c, 0x2d, 0x00, 0x00, 0x00, 0xc9, 0xd9, 0x00, 0x00,
  0x00, 0x51, 0xb9, 0x4c, 0x00, 0x00, 0x3c, 0x00, 0x5b, 0x00, 0x00, 0x2e,
  0xac, 0xbe, 0x3b, 0xcc, 0x00, 0x00, 0xcb, 0x30, 0x00, 0x00, 0xc7, 0x25,
  0xd3, 0x00, 0x00, 0x00, 0x00, 0x00, 0x00, 0x00, 0x00, 0x00, 0x3f, 0xc1,
  0x00, 0xb4, 0x2c, 0xc4, 0x00, 0xdc, 0xd7, 0x00, 0xa6, 0x2f, 0x30, 0x29,
  0x00, 0x00, 0x00, 0x2f, 0x27, 0xcf, 0x91, 0xa1, 0x00, 0x00, 0x35, 0x00,
  0x00, 0xae, 0x81, 0xc9, 0x00, 0xbb, 0x00, 0x00, 0x3d, 0x4b, 0x42, 0x00,
  0xd9, 0x2a, 0x00, 0x00, 0x4e, 0xd6, 0x00, 0x00, 0x4d, 0x00, 0x26, 0xca,
  0x24, 0xdb, 0xd5, 0xcc, 0x00, 0x24, 0x2b, 0x00, 0x89, 0x00, 0x00, 0x00,
  0x00, 0x00, 0x23, 0x00, 0x00, 0x00, 0x00, 0xcc, 0x33, 0x00, 0x2c, 0x25,
  0xbf, 0x00, 0x00, 0x00, 0x00, 0x00, 0x38, 0x00, 0x00, 0x00, 0x00, 0x00,
  0x00, 0x00, 0x00, 0x00, 0x00, 0x2a, 0x00, 0x00, 0x00, 0x00, 0x3b, 0x00,
  0xdb, 0x00, 0x00, 0x6e, 0x50, 0x2d, 0x00, 0x48, 0x00, 0x62, 0x00, 0x00,
  0x7f, 0xb3, 0x2f, 0x34, 0x3c, 0xd0, 0x00, 0x00, 0x00, 0x00, 0xd9, 0x43,
  0x3b, 0x00, 0x00, 0x00, 0x00, 0x00, 0x24, 0x00, 0x00, 0x00, 0x27, 0x00,
  0x00, 0x00, 0x00, 0x00, 0x00, 0xd5, 0x00, 0x00, 0x00, 0x00, 0x00, 0x00,
  0x00, 0x00, 0x00, 0x5c, 0x00, 0xca, 0x00, 0x00, 0x00, 0x32, 0x00, 0x60,
  0x00, 0xd5, 0xd8, 0x2c, 0x00, 0x00, 0x00, 0x42, 0x00, 0x00, 0x00, 0x42,
  0x2d, 0x00, 0xbe, 0x3d, 0x00, 0x00, 0x00, 0x00, 0x00, 0x00, 0x00, 0xd6,
  0x00, 0x00, 0x26, 0xcc, 0x00, 0x00, 0x00, 0x00, 0x00, 0xd9, 0x00, 0x00,
  0x00, 0x00, 0x4d, 0x00, 0x00, 0x00, 0x00, 0x00, 0x2b, 0x00, 0x00, 0x00,
  0x00, 0x00, 0x00, 0x00, 0x00, 0x00, 0x00, 0xdb, 0x00, 0x00, 0x00, 0x00,
  0x00, 0x00, 0x00, 0x26, 0xc7, 0x35, 0xcd, 0x00, 0x00, 0x00, 0x38, 0x00,
  0x00, 0x00, 0x00, 0x30, 0x00, 0x24, 0x46, 0x00, 0xd8, 0x00, 0x00, 0x00,
  0x00, 0x00, 0x44, 0x00, 0xd5, 0x00, 0x00, 0x00, 0x59, 0x00, 0x00, 0x4b,
  0x00, 0x3b, 0x00, 0x00, 0x27, 0x00, 0x00, 0x2b, 0xb8, 0x00, 0x00, 0x00,
  0x7f, 0x27, 0x00, 0x00, 0x00, 0x2f, 0x00, 0x00, 0x00, 0x00, 0x00, 0x00,
  0xc7, 0x00, 0x00, 0xd6, 0x00, 0x00, 0x00, 0x00, 0xd5, 0x3e, 0x00, 0x2a,
  0x2b, 0x00, 0xce, 0xca, 0x00, 0xd9, 0x00, 0x00, 0x00, 0x00, 0x00, 0x00,
  0x00, 0x33, 0x00, 0x00, 0x00, 0x00, 0x00, 0x00, 0x00, 0x00, 0x00, 0x00,
  0x00, 0x00, 0x00, 0x00, 0x00, 0x00, 0x00, 0x00, 0xd6, 0x00, 0x00, 0x29,
  0xcf, 0x29, 0x00, 0x00, 0xbe, 0x2e, 0x34, 0x00, 0x00, 0x30, 0x00, 0x00,
  0x38, 0x3d, 0x2f, 0x53, 0x00, 0xd7, 0xda, 0x3a, 0x31, 0x00, 0xc9, 0x2a,
  0x00, 0x2c, 0x00, 0x00, 0x00, 0x3b, 0xbb, 0x00, 0xd3, 0x2a, 0x28, 0x00,
  0x00, 0x00, 0xa0, 0x00, 0x00, 0xc5, 0x00, 0x00, 0x00, 0x00, 0xae, 0x00,
  0x00, 0x00, 0x00, 0x00, 0xc0, 0x00, 0x00, 0xd5, 0x00, 0x8c, 0xd3, 0xaf,
  0x00, 0x00, 0x2c, 0x00, 0x00, 0x00, 0x00, 0x00, 0x21, 0x26, 0x00, 0x00,
  0x00, 0x00, 0x00, 0xc7, 0x25, 0x00, 0x00, 0x00, 0x00, 0x00, 0x00, 0x00,
  0x00, 0x30, 0x00, 0xcc, 0x00, 0x00, 0x00, 0x00, 0x00, 0x00, 0x00, 0x00,
  0xc7, 0xd5, 0x00, 0x00, 0x00, 0xd8, 0x00, 0x22, 0xd2, 0x27, 0x23, 0x00,
  0x00, 0x00, 0x42, 0x00, 0x00, 0x00, 0x00, 0x25, 0x23, 0x41, 0x00, 0x2f,
  0x4c, 0x21, 0x00, 0x00, 0x27, 0x36, 0x00, 0xc2, 0x00, 0x00, 0x00, 0x00,
  0x00, 0xd7, 0x00, 0xca, 0x00, 0x00, 0x00, 0xb9, 0x00, 0xd0, 0xd0, 0xa5,
  0xc4, 0x00, 0x31, 0xd4, 0x21, 0xcb, 0xce, 0x00, 0xaf, 0x00, 0x00, 0xcc,
  0x00, 0x00, 0x00, 0x34, 0x22, 0x00, 0x00, 0x00, 0x7f, 0x27, 0x44, 0x00,
  0xce, 0x00, 0x00, 0x00, 0x00, 0x00, 0x00, 0x00, 0x00, 0x00, 0x23, 0x00,
  0x00, 0x00, 0x00, 0x00, 0x00, 0x46, 0x34, 0x00, 0x00, 0x00, 0x00, 0x00,
  0x00, 0x00, 0x00, 0xc6, 0x00, 0x00, 0x00, 0x00, 0xb8, 0x00, 0x00, 0xca,
  0x3e, 0x00, 0x00, 0x00, 0x60, 0x00, 0x00, 0x00, 0x00, 0x39, 0xc8, 0x00,
  0x48, 0x00, 0x3c, 0x63, 0x3f, 0x00, 0x00, 0x00, 0x00, 0x00, 0x00, 0x00,
  0x00, 0x35, 0x00, 0x00, 0x2e, 0x00, 0x00, 0xa1, 0x00, 0x00, 0x00, 0xc9,
  0x00, 0x00, 0x00, 0x00, 0x3d, 0x47, 0xcb, 0x00, 0x00, 0x00, 0x00, 0x81,
  0x4b, 0x00, 0x47, 0x2e, 0x3f, 0x2d, 0x00, 0x00, 0x00, 0x00, 0x00, 0x00,
  0x00, 0x5b, 0x00, 0x00, 0x00, 0x00, 0x00, 0x4f, 0x9e, 0x00, 0x00, 0xbf,
  0x4a, 0x37, 0xb3, 0xc5, 0x2c, 0x00, 0xd2, 0x92, 0xc8, 0x00, 0x00, 0xb1,
  0xa1, 0x00, 0x00, 0x00, 0x76, 0x00, 0xc3, 0x00, 0x9a, 0x00, 0xc6, 0x00,
  0x00, 0x00, 0x00, 0xaf, 0xa6, 0x3e, 0x00, 0x00, 0x55, 0x00, 0x00, 0xce,
  0xcc, 0x50, 0x00, 0x9e, 0xd0, 0xb2, 0x00, 0x00, 0x51, 0xcf, 0x00, 0x00,
  0x67, 0x00, 0x4c, 0x45, 0xaa, 0x5f, 0x00, 0x00, 0x00, 0x00, 0xa8, 0xbf,
  0xb6, 0x00, 0x00, 0x00, 0x00, 0x00, 0x00, 0x00, 0x00, 0x94, 0x00, 0x00,
  0xcb, 0x00, 0x00, 0xc8, 0xe2, 0x00, 0x00, 0x00, 0xae, 0x00, 0x00, 0x00,
  0xe3, 0x00, 0x00, 0x00, 0x00, 0x00, 0x00, 0x00, 0x00, 0x00, 0x00, 0x00,
  0x00, 0x00, 0x00, 0x00, 0x2f, 0x39, 0xe1, 0x2d, 0x27, 0x33, 0x00, 0x00,
  0x39, 0x24, 0x00, 0x00, 0x00, 0x00, 0x40, 0x2d, 0x22, 0x3e, 0x00, 0x55,
  0xdc, 0x00, 0x81, 0xb0, 0x00, 0x00, 0xd9, 0x00, 0xae, 0x00, 0xcc, 0xd6,
  0x24, 0xa5, 0x00, 0x3e, 0xe1, 0x00, 0xa2, 0xc6, 0x22, 0x1e, 0x00, 0xdd,
  0xc7, 0x00, 0x00, 0x00, 0x00, 0xd1, 0x00, 0x2e, 0x00, 0x00, 0x00, 0x00,
  0x3f, 0x2f, 0x00, 0x00, 0xdc, 0x50, 0x00, 0x00, 0x33, 0x3c, 0x00, 0x2d,
  0x00, 0x00, 0xc8, 0xe2, 0x00, 0x00, 0xe0, 0xdf, 0xc9, 0x00, 0x9c, 0xe0,
  0x00, 0x9c, 0x00, 0xac, 0x21, 0x00, 0xb9, 0x33, 0x00, 0xe1, 0xdd, 0xe2,
  0x00, 0x00, 0xd5, 0xe3, 0x00, 0xe6, 0x00, 0x00, 0x00, 0x00, 0x00, 0x45,
  0x00, 0x00, 0x22, 0x49, 0x00, 0x4e, 0x00, 0x00, 0x00, 0x30, 0x3a, 0x3a,
  0x81, 0xa7, 0x00, 0x00, 0x95, 0x00, 0x00, 0x91, 0x00, 0x00, 0x00, 0x00,
  0x83, 0x72, 0x00, 0x00, 0x00, 0x9f, 0x00, 0x5f, 0x00, 0x8b, 0x00, 0x78,
  0x00, 0x98, 0x00, 0x00, 0x00, 0x00, 0x66, 0x00, 0x00, 0x00, 0x87, 0x00,
  0x54, 0x00, 0x6d, 0x00, 0x00, 0x00, 0x69, 0x00, 0x00, 0x95, 0x00, 0xa6,
  0x00, 0x00, 0x00, 0x00, 0x00, 0x8e, 0x00, 0x00, 0x00, 0x00, 0x81, 0xa9,
  0x00, 0x00, 0x00, 0x8f, 0x00, 0x83, 0x00, 0x00, 0x95, 0x00, 0x9d, 0xa0,
  0xa2, 0x00, 0x00, 0x00, 0x00, 0x00, 0x00, 0x00, 0x00, 0x00, 0x00, 0x68,
  0x00, 0x00, 0x00, 0x9b, 0x00, 0x00, 0x00, 0x00, 0x86, 0x00, 0x9f, 0x00,
  0xa1, 0x00, 0x00, 0x00, 0x93, 0x00, 0x61, 0xa1, 0x9b, 0x00, 0x00, 0x8a,
  0x00, 0x00, 0x86, 0x61, 0x56, 0x69, 0x00, 0x00, 0x00, 0x5b, 0x00, 0x5d,
  0x00, 0xab, 0x00, 0x5d, 0x00, 0x9f, 0x00, 0xa2, 0x9a, 0x00, 0xa1, 0x8c,
  0x00, 0x00, 0x00, 0x00, 0x00, 0x00, 0x00, 0x00, 0x00, 0x56, 0x8e, 0x00,
  0x33, 0x2d, 0x00, 0x00, 0x3a, 0xdb, 0x00, 0x51, 0xaa, 0x00, 0x00, 0x00,
  0x59, 0xc6, 0x00, 0x00, 0xd4, 0x00, 0xda, 0x2a, 0x4b, 0x00, 0x3b, 0x6c,
  0x96, 0x58, 0x00, 0x31, 0x49, 0x00, 0xc9, 0x69, 0xda, 0x00, 0x00, 0x28,
  0x48, 0xd2, 0x3a, 0x3b, 0xd0, 0x00, 0x00, 0x33, 0x76, 0x3f, 0x00, 0x48,
  0x00, 0x00, 0x2e, 0x3d, 0x00, 0x00, 0x00, 0x00, 0x00, 0x00, 0x00, 0x00,
  0x00, 0xd8, 0x2f, 0x00, 0x00, 0x00, 0x00, 0x49, 0x2d, 0x31, 0x00, 0x00,
  0x00, 0x00, 0x00, 0x00, 0x00, 0xd9, 0x00, 0x00, 0x32, 0x00, 0x00, 0x44,
  0x4a, 0x2f, 0x00, 0x3d, 0xda, 0x00, 0x00, 0x24, 0x2a, 0x00, 0x3b, 0x00,
  0x00, 0x00, 0x00, 0x00, 0x00, 0x00, 0x00, 0x00, 0x2b, 0x2a, 0x7f, 0x25,
  0x39, 0x6f, 0xcf, 0x00, 0x00, 0xd2, 0x00, 0x4a, 0x00, 0x00, 0x00, 0x2f,
  0x28, 0x00, 0x00, 0x52, 0x47, 0x2d, 0x2d, 0x00, 0x00, 0x00, 0x00, 0x43,
  0x00, 0x00, 0x00, 0x23, 0x00, 0x2f, 0x3a, 0x00, 0x00, 0x00, 0x2d, 0x00,
  0x00, 0x00, 0x00, 0x7f, 0xcf, 0x28, 0x00, 0x00, 0x00, 0x00, 0xab, 0x00,
  0x00, 0xa3, 0xc4, 0x2c, 0x00, 0x00, 0x35, 0x00, 0xbd, 0x39, 0x00, 0x00,
  0x52, 0x00, 0x00, 0x00, 0x00, 0x48, 0xba, 0x5b, 0x00, 0x28, 0x00, 0x3b,
  0x00, 0x00, 0x00, 0x31, 0x37, 0x00, 0x3c, 0x00, 0x00, 0x51, 0x00, 0x51,
  0xb2, 0x00, 0x5c, 0x00, 0x00, 0x00, 0x00, 0x4c, 0x00, 0x00, 0x50, 0x34,
  0x00, 0x6e, 0x00, 0x4b, 0x00, 0x00, 0x00, 0x00, 0x48, 0x00, 0x35, 0x2a,
  0x00, 0x00, 0x51, 0x3d, 0x00, 0x31, 0x00, 0xce, 0xad, 0x00, 0xa6, 0x9e,
  0x33, 0x00, 0x00, 0xd3, 0x00, 0x00, 0xcc, 0x00, 0x00, 0xa1, 0xc8, 0x44,
  0x00, 0x22, 0x36, 0x00, 0x00, 0xd5, 0x00, 0x00, 0x00, 0xca, 0xa9, 0x39,
  0x00, 0x4c, 0x31, 0x00, 0x00, 0x00, 0x00, 0x00, 0xb2, 0x00, 0x00, 0x00,
  0x00, 0xb7, 0x9d, 0x00, 0xc6, 0x00, 0x00, 0x00, 0xce, 0xa8, 0x00, 0x34,
  0x00, 0x00, 0x00, 0x00, 0x94, 0x00, 0x00, 0x00, 0x00, 0x00, 0xc2, 0x00,
  0x00, 0x48, 0x00, 0x00, 0x00, 0x00, 0x35, 0x00, 0x00, 0x00, 0x31, 0x00,
  0x50, 0xa1, 0x53, 0xcb, 0x00, 0x36, 0x00, 0x42, 0xcc, 0x00, 0x00, 0x3c,
  0x00, 0x60, 0x00, 0xc6, 0xa3, 0xcd, 0x00, 0x00, 0x00, 0xb4, 0xca, 0x00,
  0x00, 0xc8, 0x00, 0x00, 0xb7, 0x00, 0x00, 0x35, 0xd6, 0x00, 0xb4, 0x00,
  0x33, 0x40, 0x3e, 0x39, 0xc7, 0xd1, 0x00, 0x00, 0x00, 0x50, 0x00, 0x48,
  0x00, 0x00, 0x00, 0xc2, 0x00, 0x00, 0x00, 0x00, 0x00, 0xd6, 0x00, 0x00,
  0x00, 0x00, 0x00, 0x00, 0xa9, 0x00, 0xc7, 0xc5, 0x00, 0x00, 0x00, 0xd0,
  0xba, 0x2e, 0x00, 0x00, 0x9c, 0x00, 0x00, 0xbe, 0x00, 0xaf, 0x00, 0x00,
  0x00, 0x00, 0x6c, 0x64, 0xbf, 0xc5, 0x00, 0xbc, 0x3c, 0x00, 0x3e, 0x39,
  0x00, 0x34, 0x00, 0x00, 0x00, 0xb6, 0x3b, 0x40, 0x00, 0x00, 0x00, 0x00,
  0x68, 0xba, 0xbd, 0x00, 0x81, 0x4e, 0x00, 0xd1, 0x00, 0x00, 0x00, 0x47,
  0x95, 0x00, 0x00, 0xc8, 0x00, 0x3f, 0x00, 0x29, 0x00, 0xbd, 0x00, 0xab,
  0x2d, 0x53, 0x7f, 0x54, 0x86, 0x00, 0x31, 0xa4, 0x59, 0xc6, 0x00, 0x40,
  0xbd, 0x4d, 0x29, 0x00, 0x52, 0x5e, 0x00, 0x3f, 0xbd, 0x42, 0x00, 0x00,
  0x73, 0x00, 0xcd, 0x00, 0xb0, 0xc9, 0x3c, 0x86, 0x00, 0x00, 0x57, 0xce,
  0xa5, 0x00, 0x3c, 0xad, 0x27, 0x00, 0x00, 0x00, 0x00, 0x00, 0x00, 0xc8,
  0xcf, 0xc3, 0x2b, 0xc1, 0x4d, 0x00, 0xd1, 0x00, 0x3a, 0xcb, 0x54, 0x00,
  0x00, 0x46, 0x00, 0xb7, 0x00, 0xd0, 0x00, 0x00, 0x00, 0x27, 0xd4, 0xc8,
  0x00, 0x2d, 0x56, 0x25, 0x00, 0x60, 0x00, 0x00, 0x00, 0x00, 0x7c, 0x44,
  0x00, 0x00, 0x00, 0x00, 0x00, 0x2d, 0x7e, 0x51, 0x00, 0x5a, 0x33, 0x00,
  0xd7, 0xbd, 0x00, 0xbb, 0x00, 0xd6, 0x00, 0xc0, 0x00, 0xc3, 0x00, 0xc2,
  0x9e, 0x24, 0x00, 0x00, 0xcd, 0x00, 0x00, 0x89, 0x00, 0x00, 0x2b, 0x00,
  0xc5, 0xad, 0xae, 0xa7, 0x00, 0x00, 0xcc, 0x00, 0x00, 0x00, 0x00, 0x00,
  0x00, 0x00, 0x00, 0x00, 0x9b, 0x00, 0xc7, 0x00, 0x00, 0x00, 0xbe, 0x2a,
  0x35, 0x00, 0xc1, 0x00, 0x5d, 0x00, 0x00, 0x67, 0xcc, 0x00, 0xc8, 0x00,
  0x43, 0xcb, 0x35, 0x36, 0x00, 0x35, 0xac, 0x00, 0x56, 0x30, 0x00, 0x4b,
  0x00, 0x32, 0x00, 0x00, 0x59, 0xae, 0x00, 0x4c, 0xba, 0x00, 0x1d, 0xc9,
  0x39, 0x00, 0x00, 0x00, 0x2d, 0xcd, 0x33, 0x00, 0x4f, 0x50, 0xda, 0x00,
  0x00, 0x00, 0xc5, 0x00, 0x40, 0x00, 0x00, 0x38, 0xb3, 0x69, 0x2e, 0x4a,
  0x7f, 0x00, 0x2a, 0x00, 0x3c, 0x00, 0x00, 0x4e, 0x00, 0x00, 0x00, 0x56,
  0x00, 0x00, 0x00, 0x2e, 0x47, 0xbc, 0xd9, 0xd1, 0xd1, 0x00, 0xbf, 0x00,
  0xbb, 0x00, 0x00, 0x00, 0x00, 0x00, 0xc6, 0x00, 0x00, 0x00, 0x00, 0x00,
  0x00, 0x00, 0x00, 0x40, 0x00, 0x33, 0x00, 0x2b, 0x00, 0x00, 0x00, 0x46,
  0x00, 0x00, 0x00, 0xaf, 0x29, 0x00, 0x39, 0x3b, 0x00, 0x00, 0xcb, 0x41,
  0x00, 0x26, 0x00, 0x42, 0x00, 0x00, 0x00, 0x00, 0xd9, 0x00, 0x3a, 0x00,
  0xb8, 0x3b, 0x29, 0x00, 0x00, 0x39, 0x00, 0x00, 0x3b, 0x00, 0x00, 0x00,
  0x00, 0x00, 0x2c, 0xb2, 0x00, 0xc6, 0x00, 0x00, 0xc7, 0x00, 0xb9, 0x00,
  0x81, 0x00, 0x39, 0x00, 0x00, 0x3e, 0x00, 0x00, 0x00, 0x00, 0x00, 0xa2,
  0x40, 0xa3, 0x00, 0xce, 0x92, 0x00, 0x35, 0x00, 0x00, 0x33, 0x4a, 0xcc,
  0x00, 0x00, 0xca, 0xaa, 0x2d, 0x00, 0x00, 0x00, 0x94, 0x00, 0x00, 0x86,
  0x00, 0x33, 0x00, 0xbe, 0xc0, 0x00, 0x00, 0x00, 0x2c, 0x00, 0xc6, 0x00,
  0x00, 0x00, 0x3d, 0x9a, 0x2a, 0x00, 0x00, 0x00, 0x00, 0x00, 0xc9, 0x00,
  0x00, 0x00, 0x00, 0xb3, 0xb3, 0x3f, 0x00, 0xc5, 0x00, 0x33, 0x00, 0x00,
  0xc8, 0x00, 0x39, 0xb0, 0x00, 0x00, 0x40, 0xc2, 0x00, 0x44, 0x00, 0x00,
  0x00, 0xd1, 0x38, 0x00, 0x00, 0xcc, 0x00, 0x00, 0x59, 0x00, 0x00, 0x00,
  0x00, 0x6a, 0xbf, 0x30, 0x00, 0x00, 0x00, 0x00, 0x00, 0x30, 0x38, 0x00,
  0x4a, 0x00, 0x2c, 0x00, 0x00, 0x00, 0x00, 0x00, 0x00, 0xca, 0x00, 0x00,
  0x00, 0x00, 0x33, 0x00, 0x00, 0x3e, 0x00, 0xc8, 0xd1, 0xcd, 0x00, 0xcf,
  0x00, 0xcc, 0x61, 0x00, 0x00, 0x00, 0x00, 0x8e, 0x00, 0xc5, 0x2b, 0xb1,
  0xc8, 0x44, 0x2e, 0xa8, 0x00, 0x5b, 0xd2, 0x00, 0xa2, 0x00, 0x43, 0x00,
  0x00, 0x00, 0xaf, 0x48, 0xc3, 0x00, 0xc8, 0x00, 0x00, 0x33, 0xc9, 0x00,
  0x00, 0x00, 0x38, 0x00, 0x00, 0x53, 0x48, 0x00, 0xd1, 0xb9, 0x00, 0x00,
  0x00, 0x00, 0xa5, 0xbe, 0x46, 0xc8, 0x00, 0x00, 0x00, 0x00, 0x00, 0x00,
  0xb9, 0x00, 0x00, 0x00, 0xc5, 0x00, 0x00, 0xd1, 0x3b, 0x00, 0x00, 0x00,
  0x00, 0x00, 0x6f, 0x00, 0x7c, 0x4d, 0x00, 0x00, 0x00, 0x4f, 0x5c, 0x00,
  0x35, 0x00, 0x00, 0x48, 0x71, 0x78, 0x00, 0x00, 0x46, 0x4f, 0x00, 0x7f,
  0xbb, 0x00, 0xcb, 0x33, 0x00, 0x35, 0xcf, 0x00, 0x00, 0xcd, 0xb4, 0xcd,
  0xb2, 0x8d, 0x00, 0xc1, 0xcb, 0x00, 0x90, 0x00, 0xb8, 0x00, 0x00, 0xb7,
  0x00, 0x00, 0x00, 0x9b, 0x00, 0xcd, 0xd1, 0xc2, 0x4f, 0x00, 0x00, 0x4e,
  0x79, 0x00, 0x00, 0x00, 0x00, 0x6c, 0x3c, 0x00, 0x00, 0x00, 0x00, 0x45,
  0x00, 0x00, 0xb8, 0xc3, 0x2e, 0x00, 0x00, 0x00, 0x00, 0x00, 0x00, 0x00,
  0x25, 0x97, 0x00, 0x2f, 0x4a, 0x00, 0xa1, 0xa7, 0x31, 0x00, 0xd1, 0x00,
  0x9e, 0x00, 0x00, 0xcb, 0x56, 0xb8, 0x00, 0xc0, 0x41, 0x00, 0xaa, 0xab,
  0x00, 0x00, 0x00, 0x00, 0x00, 0x00, 0xad, 0xa4, 0x00, 0x93, 0xc7, 0xa1,
  0x00, 0x00, 0x00, 0x00, 0x00, 0x32, 0x00, 0x00, 0xc6, 0x00, 0x00, 0x00,
  0x00, 0xc1, 0x00, 0x00, 0x40, 0x45, 0x00, 0x61, 0x00, 0xcf, 0x00, 0x00,
  0x41, 0xb2, 0x00, 0x00, 0x00, 0x00, 0x32, 0xc1, 0x00, 0x30, 0x43, 0x5a,
  0x00, 0x00, 0x00, 0x47, 0x7d, 0x53, 0x34, 0x31, 0x00, 0x41, 0x00, 0x00,
  0x00, 0x35, 0x5f, 0x00, 0x00, 0x00, 0x00, 0xc0, 0x52, 0x00, 0x77, 0x00,
  0x48, 0x70, 0x00, 0xca, 0xb8, 0x00, 0x00, 0x95, 0x00, 0x00, 0x00, 0x00,
  0x7e, 0xc8, 0xc3, 0xa3, 0x87, 0x00, 0x00, 0xac, 0x00, 0xc3, 0x00, 0x00,
  0x00, 0x00, 0x00, 0xcd, 0x7f, 0x00, 0x00, 0x00, 0xb4, 0x00, 0xab, 0x47,
  0x3c, 0x2c, 0x00, 0x55, 0x00, 0x00, 0x00, 0x19, 0x31, 0x26, 0xbf, 0x00,
  0x00, 0x00, 0x36, 0x00, 0x00, 0x00, 0x42, 0x00, 0xa4, 0x00, 0x2a, 0xca,
  0x37, 0xbc, 0x00, 0xc4, 0xb5, 0x2d, 0x00, 0x81, 0x00, 0x00, 0x58, 0x1b,
  0xa3, 0x00, 0x00, 0xd6, 0x43, 0x00, 0x3c, 0x2f, 0xa5, 0x40, 0x1e, 0xab,
  0x00, 0x00, 0x2c, 0x21, 0x3b, 0xdf, 0xcf, 0x23, 0x1d, 0x00, 0x00, 0x32,
  0x00, 0x24, 0x00, 0x00, 0xcb, 0x00, 0xc0, 0x00, 0x00, 0x00, 0x00, 0x3a,
  0x3b, 0xca, 0x00, 0x00, 0x00, 0x00, 0xd6, 0x49, 0xae, 0x00, 0xd2, 0x00,
  0x00, 0x00, 0x00, 0x2b, 0x00, 0x00, 0xcc, 0x00, 0x61, 0xb7, 0xd0, 0x62,
  0x00, 0x28, 0x00, 0x00, 0xc3, 0x00, 0x00, 0x66, 0xce, 0x4b, 0x00, 0x1f,
  0x00, 0x00, 0x24, 0x38, 0x00, 0x00, 0x00, 0x00, 0x36, 0xce, 0x00, 0x48,
  0x00, 0xbd, 0xcf, 0x00, 0x00, 0x00, 0xd5, 0x4f, 0x00, 0xd2, 0x00, 0x00,
  0x00, 0x00, 0x00, 0x00, 0x00, 0xc5, 0x21, 0x34, 0x47, 0x00, 0xc4, 0x00,
  0x82, 0xed, 0xff, 0xff, 0x04, 0x00, 0x00, 0x00, 0x80, 0x00, 0x00, 0x00,
  0xbc, 0x05, 0x00, 0x00, 0xb7, 0xfc, 0xff, 0xff, 0xbd, 0xfe, 0xff, 0xff,
  0x35, 0x06, 0x00, 0x00, 0x0e, 0xf9, 0xff, 0xff, 0xe5, 0x00, 0x00, 0x00,
  0x7c, 0x0d, 0x00, 0x00, 0x1f, 0xf8, 0xff, 0xff, 0x57, 0xf6, 0xff, 0xff,
  0x98, 0xf3, 0xff, 0xff, 0x04, 0x02, 0x00, 0x00, 0x34, 0xfb, 0xff, 0xff,
  0xe9, 0xf3, 0xff, 0xff, 0xe1, 0x02, 0x00, 0x00, 0xe6, 0xfe, 0xff, 0xff,
  0x55, 0x10, 0x00, 0x00, 0xa9, 0x05, 0x00, 0x00, 0x9f, 0xfa, 0xff, 0xff,
  0xa3, 0x0b, 0x00, 0x00, 0x1c, 0x05, 0x00, 0x00, 0xd2, 0xf8, 0xff, 0xff,
  0xe5, 0x0f, 0x00, 0x00, 0x8b, 0xfc, 0xff, 0xff, 0x42, 0xfe, 0xff, 0xff,
  0x88, 0xf3, 0xff, 0xff, 0xe1, 0xfa, 0xff, 0xff, 0x5e, 0x04, 0x00, 0x00,
  0x0b, 0xf9, 0xff, 0xff, 0x82, 0x06, 0x00, 0x00, 0xbf, 0x0e, 0x00, 0x00,
  0x5a, 0xfe, 0xff, 0xff, 0x00, 0xfa, 0xff, 0xff, 0x0e, 0xee, 0xff, 0xff,
  0x04, 0x00, 0x00, 0x00, 0x00, 0x10, 0x00, 0x00, 0x00, 0x00, 0x9f, 0x00,
  0xa8, 0x9c, 0x00, 0x66, 0x4a, 0x53, 0x5b, 0x6c, 0x6a, 0x00, 0x6d, 0x67,
  0x00, 0x9a, 0x00, 0x00, 0x00, 0x5f, 0x00, 0x00, 0xad, 0x9e, 0x00, 0x00,
  0x9b, 0x00, 0x00, 0x00, 0x62, 0x88, 0x00, 0x00, 0x00, 0x00, 0xa8, 0x00,
  0x53, 0x8f, 0xa6, 0x4f, 0x6f, 0x00, 0x00, 0x00, 0x00, 0x81, 0x53, 0x00,
  0xaf, 0x00, 0x00, 0x00, 0x00, 0x00, 0x6b, 0x60, 0xb2, 0x82, 0x00, 0x00,
  0x00, 0x00, 0x00, 0x00, 0x5b, 0x00, 0x83, 0x99, 0x00, 0x00, 0x00, 0x00,
  0x00, 0x00, 0x93, 0x00, 0x89, 0x00, 0x00, 0x00, 0x00, 0xa4, 0x00, 0x00,
  0x00, 0x00, 0x00, 0x00, 0x00, 0x89, 0x00, 0x00, 0x5d, 0x00, 0x00, 0x00,
  0x93, 0x00, 0x00, 0x00, 0x00, 0xb0, 0x00, 0x6b, 0x00, 0x8f, 0x00, 0x8d,
  0x00, 0x00, 0x4d, 0x00, 0x52, 0x00, 0x00, 0x00, 0x8c, 0x00, 0x00, 0x00,
  0x9c, 0x4c, 0x92, 0x00, 0x95, 0xd1, 0x00, 0xb1, 0x00, 0x32, 0xc9, 0x5a,
  0x2f, 0x32, 0x00, 0x00, 0x00, 0x46, 0x51, 0xb9, 0x00, 0x00, 0x00, 0x00,
  0xbb, 0x00, 0x00, 0x7f, 0x00, 0x37, 0x00, 0x00, 0xc8, 0x38, 0xbf, 0x00,
  0x90, 0x00, 0xac, 0xd2, 0x71, 0x00, 0xa9, 0x00, 0xd1, 0x00, 0x00, 0x37,
  0x30, 0x3b, 0x44, 0xd0, 0xce, 0x62, 0x00, 0x00, 0x66, 0x00, 0xcd, 0x00,
  0x00, 0x2b, 0xae, 0x33, 0xb2, 0x90, 0x00, 0x00, 0x00, 0xc2, 0x00, 0x00,
  0x00, 0x56, 0x48, 0x2f, 0xcd, 0xce, 0x00, 0x32, 0x00, 0x37, 0x00, 0xd5,
  0x3c, 0x00, 0x00, 0x00, 0x42, 0xb9, 0x3f, 0x00, 0x00, 0x00, 0x00, 0xcf,
  0x00, 0x00, 0xce, 0x00, 0x59, 0x00, 0x32, 0x00, 0x2a, 0x00, 0x36, 0x32,
  0x3d, 0x00, 0x00, 0x46, 0x00, 0x00, 0x00, 0x00, 0x00, 0x3c, 0x45, 0x00,
  0xc2, 0xce, 0x00, 0xbb, 0xd6, 0x4e, 0x00, 0xbe, 0xcf, 0x00, 0x38, 0x2f,
  0x00, 0x00, 0x00, 0x00, 0x30, 0x00, 0x00, 0x00, 0x00, 0x34, 0x00, 0xc3,
  0xd2, 0x2d, 0xcd, 0x00, 0xd0, 0x3c, 0x00, 0x2d, 0x00, 0xb5, 0x33, 0x00,
  0x64, 0x00, 0xca, 0x39, 0x00, 0xb1, 0x00, 0x00, 0x00, 0x00, 0x7f, 0x8e,
  0xbc, 0xcd, 0x00, 0xb5, 0x00, 0x00, 0x00, 0xbd, 0x00, 0x00, 0x54, 0xc9,
  0x00, 0x00, 0xb7, 0x2e, 0x00, 0x98, 0x00, 0x3c, 0x00, 0x31, 0x00, 0xd7,
  0x00, 0x00, 0xa0, 0x30, 0x00, 0x00, 0x56, 0x00, 0x3c, 0x00, 0xcb, 0x59,
  0x00, 0x00, 0x00, 0x00, 0x00, 0x2c, 0x00, 0x00, 0xd3, 0x00, 0x00, 0x30,
  0x00, 0x00, 0x2e, 0x2e, 0xb5, 0x00, 0x53, 0x42, 0x00, 0x00, 0x00, 0xd2,
  0xb1, 0x00, 0x00, 0x00, 0x52, 0x00, 0x00, 0x00, 0x00, 0x00, 0x00, 0x2e,
  0x00, 0x43, 0x00, 0xc5, 0x00, 0x00, 0x00, 0x34, 0x00, 0x00, 0x2e, 0x00,
  0x00, 0xbe, 0xb3, 0x00, 0x00, 0xc9, 0xca, 0x00, 0x00, 0x00, 0x2c, 0xde,
  0x00, 0xdd, 0x23, 0x00, 0x00, 0x2e, 0x45, 0xe4, 0xdb, 0xd4, 0xc5, 0x3c,
  0x00, 0x00, 0x00, 0x25, 0x00, 0x00, 0xd3, 0x00, 0x00, 0xe3, 0x00, 0x00,
  0x30, 0x00, 0x22, 0x00, 0x55, 0x00, 0x00, 0x44, 0x00, 0x00, 0x00, 0x1f,
  0x00, 0xe2, 0x3a, 0x00, 0x00, 0x00, 0x00, 0x4b, 0xc8, 0xdf, 0x00, 0x00,
  0xd4, 0x7f, 0x00, 0xdc, 0x00, 0x00, 0x00, 0xc2, 0x23, 0x00, 0xde, 0x2e,
  0x00, 0x31, 0x00, 0x1f, 0x2b, 0xd4, 0x2a, 0x2b, 0x28, 0x00, 0x00, 0x29,
  0x00, 0xd3, 0xdf, 0x00, 0x00, 0xd1, 0x00, 0x23, 0x26, 0x00, 0xd9, 0x00,
  0xd7, 0x00, 0xdf, 0x00, 0x00, 0x00, 0xe2, 0x00, 0x00, 0x00, 0x28, 0x1a,
  0x1f, 0x00, 0x00, 0x24, 0x00, 0x00, 0x00, 0x00, 0x00, 0x00, 0x00, 0x00,
  0xd0, 0x00, 0x00, 0x00, 0x35, 0x00, 0x00, 0x00, 0x00, 0xe5, 0x00, 0x30,
  0x00, 0x00, 0x00, 0x00, 0x4c, 0x00, 0x00, 0x37, 0x00, 0x9f, 0x7f, 0x00,
  0x00, 0x00, 0x3b, 0x00, 0x00, 0x00, 0x00, 0x3c, 0x47, 0x00, 0x00, 0x37,
  0x00, 0x49, 0x00, 0x00, 0x00, 0x00, 0x00, 0x00, 0x00, 0x00, 0x38, 0x35,
  0x49, 0x00, 0x7b, 0x00, 0x00, 0xbc, 0x33, 0xbe, 0xd0, 0xd3, 0x00, 0x00,
  0x00, 0x00, 0x00, 0x57, 0xd2, 0x00, 0x56, 0x36, 0xaf, 0x00, 0xc5, 0x9e,
  0x36, 0x00, 0x4f, 0x00, 0x58, 0x47, 0x00, 0x33, 0x00, 0x3b, 0x00, 0x00,
  0xca, 0x9e, 0x00, 0x00, 0x00, 0x00, 0x00, 0x00, 0x00, 0x00, 0x00, 0x00,
  0x00, 0x00, 0x28, 0x00, 0x00, 0x41, 0x35, 0x00, 0x97, 0x38, 0xc5, 0x00,
  0x00, 0x00, 0x00, 0x00, 0x00, 0x00, 0xbe, 0x00, 0x00, 0x2f, 0x00, 0xcf,
  0x00, 0xc1, 0xbf, 0x00, 0x00, 0x00, 0x00, 0xbd, 0x00, 0xc7, 0x41, 0x00,
  0x00, 0x62, 0x00, 0x00, 0x00, 0x00, 0x00, 0x00, 0x00, 0x00, 0x28, 0x00,
  0x87, 0x86, 0x00, 0x00, 0x8c, 0x5d, 0x00, 0x00, 0x00, 0x9b, 0x00, 0x00,
  0x8b, 0x00, 0xad, 0x00, 0x92, 0x00, 0x00, 0x00, 0x6e, 0xa2, 0xa4, 0x00,
  0x00, 0x68, 0x00, 0x96, 0x7f, 0x00, 0x9b, 0x53, 0x79, 0x00, 0xaf, 0x00,
  0x00, 0x76, 0x00, 0x00, 0x70, 0x00, 0x00, 0x00, 0x74, 0x8d, 0x00, 0x8b,
  0x87, 0x00, 0xa0, 0x72, 0x00, 0x00, 0x00, 0x00, 0xac, 0x00, 0x00, 0x85,
  0x00, 0x87, 0x00, 0x00, 0x93, 0x93, 0x00, 0x00, 0x00, 0x77, 0xa5, 0x00,
  0x00, 0x89, 0xa9, 0x00, 0x00, 0xa0, 0x00, 0x00, 0x00, 0x00, 0x00, 0x00,
  0x00, 0x00, 0x00, 0x6d, 0xa1, 0x00, 0x00, 0x00, 0xa8, 0x00, 0x61, 0x84,
  0x00, 0x00, 0x00, 0x4f, 0x9d, 0x87, 0x93, 0x84, 0x4f, 0x71, 0x00, 0x00,
  0x8b, 0x00, 0x00, 0x51, 0x00, 0x00, 0x00, 0x00, 0x00, 0x00, 0x00, 0x00,
  0x00, 0x00, 0xa6, 0x00, 0x00, 0x00, 0x90, 0x00, 0x9e, 0xcd, 0xab, 0x00,
  0x00, 0x00, 0x00, 0x40, 0xda, 0x31, 0x22, 0x00, 0x2a, 0x2b, 0x00, 0x00,
  0x00, 0x26, 0x00, 0x27, 0xcd, 0x00, 0x00, 0x00, 0xca, 0x00, 0x00, 0x52,
  0xc8, 0x00, 0xaf, 0x00, 0xb8, 0x3a, 0xb9, 0xdc, 0x33, 0x42, 0xc2, 0x00,
  0x00, 0xd9, 0xd3, 0x00, 0xd8, 0x4a, 0x3a, 0x00, 0x37, 0x00, 0xc3, 0xd8,
  0x00, 0x81, 0x00, 0x00, 0x00, 0x00, 0x00, 0x2e, 0x00, 0xa2, 0x00, 0x2c,
  0x00, 0xd5, 0x32, 0x00, 0xcd, 0x00, 0x00, 0x00, 0xca, 0x00, 0x00, 0x00,
  0xca, 0x00, 0x00, 0x00, 0x33, 0x3b, 0x26, 0x00, 0x00, 0xb4, 0x00, 0x29,
  0x2f, 0x29, 0x00, 0x00, 0x00, 0x00, 0xc9, 0x00, 0x2f, 0x00, 0x00, 0x47,
  0xcf, 0x23, 0x00, 0x00, 0x00, 0x00, 0x2a, 0x00, 0x00, 0x3a, 0x00, 0x00,
  0x00, 0x2c, 0xd3, 0x00, 0x00, 0x00, 0x00, 0x00, 0x00, 0x00, 0x34, 0x22,
  0x00, 0x00, 0xdd, 0x00, 0x00, 0x00, 0x00, 0x2f, 0x00, 0x00, 0x30, 0xcf,
  0xd7, 0x00, 0xd0, 0x00, 0x00, 0xb7, 0x00, 0x00, 0x00, 0xc3, 0xa3, 0x00,
  0x49, 0x00, 0x00, 0xb6, 0x00, 0xba, 0x29, 0x00, 0x00, 0x47, 0x00, 0xcf,
  0x00, 0x00, 0xd5, 0x6c, 0x00, 0x00, 0x00, 0x30, 0x33, 0x00, 0x4b, 0x00,
  0xcd, 0xbb, 0x00, 0x00, 0x00, 0x00, 0x00, 0x7f, 0x00, 0x00, 0xc4, 0x00,
  0xb1, 0x00, 0x47, 0x41, 0x4c, 0x00, 0x2c, 0x33, 0x00, 0x00, 0xcd, 0x00,
  0x00, 0x00, 0x00, 0xbc, 0x00, 0x00, 0x00, 0xd4, 0x00, 0x39, 0x00, 0x00,
  0x44, 0xc3, 0x00, 0x00, 0x00, 0x00, 0x00, 0x00, 0x55, 0x00, 0xcc, 0x00,
  0x00, 0x00, 0x45, 0x00, 0x5a, 0x00, 0x2b, 0xbd, 0x3b, 0x00, 0x00, 0x00,
  0x34, 0x00, 0x50, 0xbf, 0x40, 0x00, 0x00, 0x62, 0x2d, 0x00, 0x66, 0x00,
  0x6b, 0xce, 0x3a, 0x00, 0x00, 0x00, 0x5f, 0x00, 0x00, 0x4e, 0x00, 0x00,
  0x00, 0x9d, 0x00, 0x00, 0x00, 0x00, 0xa4, 0x81, 0x5d, 0x00, 0x00, 0xa9,
  0x70, 0x9b, 0x3e, 0x00, 0xac, 0x00, 0x00, 0x81, 0x00, 0x00, 0x00, 0x3c,
  0x00, 0x00, 0x00, 0x00, 0x00, 0x37, 0x37, 0xac, 0x9a, 0x00, 0x91, 0x00,
  0x45, 0x00, 0x00, 0x00, 0x00, 0x00, 0x00, 0x00, 0x00, 0x00, 0x00, 0x00,
  0x00, 0x92, 0x00, 0x00, 0x00, 0x47, 0x00, 0x00, 0x00, 0x94, 0x00, 0x00,
  0x39, 0x00, 0x00, 0xa6, 0x00, 0x5c, 0x00, 0x00, 0x9f, 0x00, 0x4b, 0x00,
  0x00, 0x00, 0x99, 0x46, 0x90, 0x00, 0x00, 0x38, 0x4d, 0x00, 0x00, 0x00,
  0xae, 0x00, 0x00, 0x00, 0x5d, 0x00, 0x00, 0x95, 0x41, 0x00, 0x00, 0x00,
  0x00, 0x00, 0x00, 0x00, 0x59, 0x00, 0x00, 0x00, 0x00, 0xa8, 0x00, 0x69,
  0x6a, 0x00, 0x96, 0x00, 0x61, 0x00, 0x00, 0x59, 0x93, 0x00, 0x00, 0x3d,
  0x5f, 0x00, 0x40, 0x00, 0x00, 0x55, 0xb4, 0x00, 0x00, 0x00, 0x00, 0x00,
  0x00, 0x00, 0x00, 0xce, 0x00, 0x00, 0x42, 0x30, 0x30, 0x00, 0x00, 0x4b,
  0x00, 0x21, 0x00, 0x25, 0x00, 0x00, 0x30, 0x00, 0x00, 0x35, 0x3d, 0x00,
  0x38, 0xbc, 0x00, 0x00, 0x4f, 0x00, 0x7f, 0x30, 0x00, 0x00, 0x49, 0x00,
  0x00, 0x00, 0x2d, 0x00, 0xd1, 0x00, 0x00, 0x3f, 0x2e, 0x00, 0x5c, 0x26,
  0xbe, 0x37, 0x32, 0x00, 0x5a, 0x00, 0x54, 0x00, 0x00, 0x00, 0x00, 0x00,
  0xcd, 0x00, 0x00, 0xbc, 0x00, 0x00, 0x00, 0x00, 0x00, 0x00, 0x00, 0x3a,
  0x00, 0x00, 0x00, 0xc5, 0xd0, 0x00, 0x00, 0x00, 0x23, 0x00, 0x00, 0x00,
  0xd0, 0x00, 0xd1, 0x00, 0x00, 0xc9, 0x35, 0x00, 0xd2, 0x2a, 0x57, 0x00,
  0x00, 0xcd, 0x00, 0x00, 0xcf, 0xd4, 0xd3, 0x2d, 0x00, 0x00, 0x00, 0xc9,
  0x00, 0x00, 0x00, 0x00, 0x00, 0x3d, 0x00, 0x00, 0x00, 0x00, 0xd4, 0xc8,
  0x00, 0x00, 0x00, 0x00, 0x00, 0x00, 0x00, 0x39, 0x00, 0xca, 0x86, 0x43,
  0x00, 0x00, 0x00, 0x34, 0xc5, 0x00, 0x00, 0x00, 0x00, 0xb5, 0xa0, 0xc4,
  0x3b, 0x66, 0x00, 0x3f, 0x9f, 0x00, 0x86, 0x00, 0x00, 0x00, 0x00, 0x00,
  0x00, 0x35, 0x00, 0x49, 0x6d, 0xc2, 0x84, 0x5a, 0x3e, 0x4d, 0x30, 0x00,
  0x00, 0x00, 0x00, 0x00, 0x00, 0x00, 0x5a, 0x5a, 0x5e, 0xb5, 0xb6, 0x00,
  0x00, 0x00, 0xbe, 0x36, 0x00, 0x00, 0x7f, 0x9d, 0xbf, 0xab, 0x00, 0x00,
  0x00, 0x00, 0x00, 0x00, 0x43, 0x00, 0x43, 0x00, 0x00, 0x30, 0x33, 0x00,
  0x00, 0x00, 0x00, 0x00, 0x00, 0x00, 0x00, 0xc8, 0x00, 0x00, 0x00, 0x00,
  0x00, 0x00, 0x2d, 0x2e, 0x52, 0x39, 0x00, 0x00, 0x9f, 0x36, 0x4f, 0x00,
  0x00, 0x00, 0x00, 0x00, 0x00, 0xc7, 0x00, 0x00, 0x00, 0xc7, 0x00, 0x00,
  0x5f, 0x9b, 0x45, 0xc5, 0x00, 0x00, 0x6e, 0x00, 0x00, 0x00, 0x3d, 0x47,
  0x00, 0x00, 0xae, 0xbf, 0x39, 0x00, 0xac, 0x35, 0x00, 0x00, 0x00, 0xcb,
  0x00, 0x00, 0x35, 0x00, 0x00, 0x00, 0xb8, 0xac, 0x00, 0x00, 0x00, 0x6a,
  0x00, 0x42, 0x00, 0x30, 0xa7, 0x00, 0xc1, 0xcb, 0xb8, 0x60, 0x91, 0x00,
  0x4b, 0x5e, 0xb0, 0x00, 0x00, 0x00, 0x34, 0xb5, 0x00, 0x00, 0x00, 0xcb,
  0x00, 0x43, 0x00, 0x3b, 0x54, 0xb2, 0xca, 0x00, 0xb7, 0x4b, 0xa8, 0x67,
  0x81, 0xa4, 0x50, 0x32, 0x00, 0x00, 0x00, 0x00, 0x00, 0x00, 0x00, 0xb0,
  0x00, 0x00, 0x00, 0x40, 0xca, 0x00, 0x00, 0x5d, 0x48, 0x00, 0x00, 0xc5,
  0x00, 0x00, 0xce, 0x00, 0x00, 0x37, 0x00, 0x00, 0x00, 0x00, 0xb7, 0x51,
  0x00, 0x00, 0xc6, 0x5d, 0xa9, 0x00, 0x3f, 0x00, 0xcc, 0x00, 0xc6, 0x00,
  0x00, 0x00, 0x00, 0x00, 0x4d, 0x00, 0x00, 0x34, 0x60, 0x00, 0x00, 0x00,
  0x37, 0x00, 0x5b, 0xbf, 0x35, 0x00, 0xcc, 0x00, 0xd6, 0x00, 0xb2, 0xc4,
  0x00, 0x2c, 0xc8, 0x00, 0x00, 0x20, 0x00, 0x00, 0x2f, 0x30, 0x00, 0x00,
  0x00, 0x00, 0x31, 0xe1, 0x00, 0xd6, 0xdf, 0x00, 0x00, 0x00, 0x00, 0x33,
  0x00, 0x00, 0x00, 0x21, 0x00, 0x00, 0x00, 0xd3, 0x37, 0x00, 0xc6, 0x00,
  0xdf, 0xda, 0x00, 0x00, 0x00, 0x00, 0x3d, 0xdc, 0x00, 0x00, 0xcc, 0x00,
  0x00, 0x81, 0x00, 0x36, 0x21, 0x00, 0x00, 0x36, 0xdf, 0x00, 0xab, 0x00,
  0x00, 0xda, 0x3a, 0x00, 0x00, 0x00, 0x00, 0x00, 0xe1, 0xde, 0x3e, 0xda,
  0x00, 0x00, 0x00, 0x00, 0xcb, 0x00, 0xe5, 0x00, 0x00, 0x00, 0x00, 0x00,
  0x00, 0x23, 0x25, 0x00, 0xe2, 0x25, 0xdd, 0xdf, 0x00, 0x00, 0xd5, 0x37,
  0x00, 0x00, 0x00, 0x00, 0x00, 0x24, 0x00, 0x25, 0xd2, 0x00, 0x28, 0xb9,
  0x00, 0x2d, 0x00, 0xd5, 0x00, 0xd9, 0xda, 0x00, 0x00, 0xca, 0x00, 0xe0,
  0x00, 0xbf, 0x00, 0x00, 0xa9, 0x00, 0x7a, 0x00, 0x90, 0x00, 0x6c, 0x00,
  0x82, 0x94, 0x99, 0x75, 0x64, 0x00, 0x8f, 0x9f, 0x00, 0x66, 0x00, 0x00,
  0x00, 0x00, 0x00, 0x00, 0x00, 0x00, 0x00, 0x00, 0x00, 0x81, 0x00, 0x99,
  0x65, 0x00, 0x00, 0xa6, 0x00, 0x65, 0x00, 0x00, 0x96, 0x87, 0x00, 0x7a,
  0x00, 0x00, 0x00, 0x00, 0x00, 0x00, 0x00, 0x00, 0x00, 0x7c, 0x91, 0x9d,
  0xa3, 0x00, 0x00, 0x00, 0x00, 0x00, 0x00, 0x00, 0x00, 0x00, 0x00, 0x00,
  0x90, 0x00, 0x00, 0x00, 0x00, 0xa4, 0x6f, 0x00, 0x60, 0x55, 0x7d, 0x00,
  0x50, 0x00, 0x00, 0x00, 0x00, 0x00, 0x82, 0x00, 0x00, 0x00, 0x00, 0x00,
  0x00, 0x82, 0x51, 0x00, 0x00, 0x00, 0xa7, 0x85, 0x00, 0x00, 0x53, 0x00,
  0x88, 0x00, 0x00, 0xa0, 0x7b, 0x00, 0x74, 0x00, 0xad, 0x60, 0xa3, 0x5d,
  0x00, 0x00, 0x00, 0x00, 0x4f, 0x6e, 0x00, 0x00, 0x00, 0xa6, 0x95, 0x00,
  0x00, 0x00, 0x79, 0x38, 0x00, 0x00, 0x00, 0x00, 0x00, 0x00, 0x00, 0x00,
  0x00, 0x00, 0xb4, 0x00, 0x45, 0x00, 0x4e, 0x00, 0x00, 0x00, 0x00, 0x99,
  0x00, 0xbe, 0x00, 0x00, 0x56, 0x00, 0x00, 0x00, 0x40, 0x00, 0x67, 0x7f,
  0xa4, 0x00, 0x00, 0x00, 0x00, 0x00, 0x7f, 0x00, 0x00, 0x00, 0xca, 0x00,
  0x00, 0x3f, 0x00, 0x00, 0x00, 0x63, 0x00, 0xca, 0xc3, 0x00, 0x6a, 0x38,
  0x00, 0x3c, 0x00, 0xc0, 0x00, 0x00, 0x00, 0x4f, 0x00, 0x00, 0x54, 0x49,
  0x00, 0x00, 0x00, 0x00, 0x33, 0xc6, 0x00, 0x00, 0x4e, 0xcf, 0x5b, 0x45,
  0xcc, 0x00, 0x00, 0x00, 0xc4, 0x00, 0x00, 0xc7, 0x00, 0xc5, 0x00, 0xbb,
  0x00, 0x00, 0x00, 0xd2, 0x41, 0x3d, 0x00, 0x00, 0xbb, 0x00, 0x00, 0x00,
  0x47, 0x00, 0x00, 0x61, 0xb6, 0x3b, 0x00, 0x00, 0x00, 0x63, 0xca, 0xc3,
  0xce, 0x00, 0x00, 0x00, 0x00, 0x00, 0x00, 0x00, 0x21, 0x00, 0x00, 0x00,
  0x2d, 0x00, 0x00, 0xb3, 0x00, 0x00, 0x54, 0x28, 0x00, 0x00, 0x00, 0x00,
  0x00, 0x00, 0x3e, 0x00, 0x2c, 0x2b, 0x00, 0xbd, 0x40, 0x2a, 0x51, 0x00,
  0x00, 0xcf, 0x00, 0x5a, 0x21, 0xab, 0x43, 0x00, 0xb9, 0xd9, 0x57, 0x00,
  0x00, 0xda, 0x00, 0x00, 0x00, 0x00, 0x00, 0x35, 0x28, 0x00, 0x28, 0x00,
  0xce, 0x34, 0x39, 0x00, 0x00, 0x00, 0x00, 0x00, 0x47, 0x38, 0x97, 0x24,
  0x00, 0x00, 0x00, 0x2c, 0x2b, 0x24, 0x00, 0x00, 0x00, 0x00, 0xc1, 0x2a,
  0x00, 0x00, 0xd7, 0x00, 0xba, 0x26, 0x35, 0x4a, 0x00, 0x00, 0x00, 0x00,
  0x00, 0x4c, 0x00, 0x00, 0x00, 0x00, 0x00, 0x27, 0xaa, 0x00, 0xd7, 0x00,
  0x33, 0x00, 0xbd, 0x00, 0xd0, 0x00, 0xc1, 0xdb, 0x00, 0x00, 0x54, 0x00,
  0x00, 0x00, 0x00, 0x00, 0x00, 0x7f, 0x00, 0x37, 0x00, 0xd6, 0xcf, 0x22,
  0x00, 0x00, 0x00, 0x00, 0x00, 0xb6, 0x00, 0x29, 0xc4, 0x00, 0xbf, 0x38,
  0x00, 0x00, 0x00, 0xc3, 0xd2, 0x00, 0x00, 0x00, 0x00, 0x00, 0xc9, 0x00,
  0x3c, 0x42, 0x00, 0xd2, 0x00, 0x00, 0x00, 0x00, 0x00, 0x51, 0x00, 0x00,
  0x2e, 0x50, 0xae, 0x3c, 0x33, 0x00, 0x00, 0x00, 0x00, 0x00, 0x00, 0x00,
  0x28, 0x00, 0xce, 0x26, 0xab, 0x38, 0x00, 0x3b, 0x00, 0x00, 0x00, 0x00,
  0xca, 0x00, 0x41, 0x4a, 0x00, 0x00, 0x7f, 0x00, 0xcf, 0x2b, 0x00, 0x00,
  0x3a, 0x00, 0x00, 0x00, 0x00, 0x00, 0x00, 0x00, 0x00, 0x00, 0x00, 0x00,
  0x37, 0x00, 0x00, 0x00, 0x00, 0x36, 0x00, 0x00, 0x00, 0xc9, 0x00, 0x00,
  0x00, 0x00, 0x2c, 0x40, 0x5c, 0x00, 0x00, 0x00, 0x00, 0xd0, 0x00, 0x00,
  0x30, 0x00, 0x4e, 0x00, 0x2f, 0xbc, 0xbc, 0x5c, 0x00, 0x00, 0x00, 0x30,
  0x00, 0x00, 0x2e, 0xc7, 0x00, 0x52, 0x00, 0x00, 0xd4, 0x00, 0x00, 0x43,
  0xab, 0xc6, 0x00, 0x00, 0x37, 0x00, 0x00, 0x48, 0x00, 0x00, 0x00, 0x29,
  0x33, 0x00, 0x37, 0x00, 0xd2, 0x00, 0x00, 0x00, 0x00, 0x00, 0x00, 0x3e,
  0x00, 0x00, 0xac, 0x51, 0x00, 0x4d, 0x00, 0x00, 0x9b, 0x00, 0x00, 0xca,
  0x60, 0x00, 0x9e, 0x00, 0x2a, 0xce, 0xbf, 0x00, 0xd6, 0x00, 0x00, 0x00,
  0x00, 0x00, 0x00, 0x00, 0x53, 0x81, 0xd6, 0x00, 0x00, 0x00, 0xbc, 0x51,
  0xac, 0x00, 0x31, 0x00, 0x00, 0xd2, 0x00, 0x00, 0x29, 0x3c, 0x2c, 0xc3,
  0x00, 0x49, 0x34, 0xd0, 0x00, 0x2c, 0x00, 0x42, 0x00, 0x32, 0x3c, 0x00,
  0x00, 0x00, 0x00, 0x00, 0x00, 0xba, 0x00, 0x00, 0x3b, 0x00, 0x48, 0x00,
  0x5d, 0x32, 0x00, 0x00, 0xcc, 0x41, 0x45, 0x00, 0x00, 0x32, 0x37, 0x00,
  0x00, 0x00, 0x00, 0x00, 0x00, 0x00, 0x3a, 0x43, 0x00, 0x00, 0x00, 0x00,
  0x00, 0x00, 0x00, 0xb2, 0xca, 0xb2, 0x00, 0x55, 0x00, 0x00, 0x00, 0x31,
  0x00, 0x36, 0x00, 0x3c, 0xc2, 0x2a, 0x00, 0x40, 0x3c, 0x00, 0x00, 0x00,
  0x3d, 0xb6, 0xd1, 0x00, 0x00, 0x50, 0xd2, 0x00, 0xad, 0x00, 0xce, 0x00,
  0x00, 0x33, 0x00, 0x00, 0x00, 0x2f, 0x00, 0x00, 0x00, 0x00, 0x00, 0x00,
  0xc6, 0x00, 0x4f, 0x00, 0xd7, 0x31, 0xb1, 0x00, 0x00, 0x00, 0x00, 0x31,
  0x49, 0x00, 0x00, 0xd8, 0x00, 0x00, 0x00, 0x00, 0x00, 0x00, 0x3c, 0x00,
  0x2b, 0x00, 0x00, 0xc6, 0x33, 0x00, 0x00, 0x00, 0x00, 0x2c, 0x00, 0x00,
  0x30, 0xc7, 0x00, 0x00, 0x00, 0x00, 0x44, 0x00, 0x00, 0x00, 0xc3, 0xb1,
  0x00, 0x00, 0xcd, 0x37, 0xce, 0x00, 0x00, 0x00, 0x5d, 0x00, 0x00, 0x30,
  0x33, 0x00, 0x7f, 0x00, 0xcb, 0xd1, 0x68, 0x00, 0x00, 0x00, 0xd1, 0x4e,
  0xb8, 0x00, 0x00, 0x43, 0x67, 0x00, 0x00, 0xd5, 0x00, 0x00, 0x4d, 0x00,
  0x00, 0x00, 0x00, 0x36, 0x70, 0x48, 0x5d, 0x00, 0x48, 0xbb, 0x77, 0x00,
  0xc9, 0x00, 0x00, 0x39, 0x00, 0x32, 0x00, 0x3d, 0x4b, 0x00, 0x30, 0x00,
  0x00, 0xc5, 0x32, 0xc5, 0x45, 0x00, 0x00, 0xc9, 0x4d, 0xc7, 0x00, 0x77,
  0x00, 0xc2, 0x35, 0xc7, 0x00, 0xb9, 0x42, 0x00, 0x00, 0x00, 0x50, 0xc4,
  0x00, 0x00, 0x00, 0x00, 0x50, 0xbe, 0x4a, 0x00, 0x81, 0x4a, 0x44, 0x00,
  0x00, 0x00, 0x6b, 0x00, 0x46, 0x73, 0x00, 0x00, 0x00, 0x00, 0x00, 0x00,
  0x00, 0x00, 0x00, 0x47, 0xb9, 0x00, 0xc9, 0xcd, 0x31, 0x00, 0x00, 0x00,
  0x00, 0x00, 0x3d, 0x4c, 0x00, 0x47, 0x00, 0x51, 0x00, 0x4e, 0x00, 0x00,
  0x4d, 0x00, 0x00, 0x00, 0x00, 0x00, 0x00, 0xb8, 0x00, 0x00, 0x00, 0xca,
  0x00, 0x00, 0xac, 0x4b, 0x00, 0x00, 0x00, 0x00, 0x00, 0x00, 0x00, 0x2b,
  0x00, 0x5f, 0x00, 0x51, 0xc7, 0x00, 0xa6, 0x00, 0x00, 0x65, 0x45, 0x9f,
  0x9b, 0x00, 0x8d, 0x00, 0x00, 0x00, 0x54, 0xa9, 0xb3, 0x00, 0xa9, 0x00,
  0x86, 0x00, 0x00, 0x00, 0x00, 0x00, 0x00, 0x00, 0x8f, 0x00, 0x00, 0x97,
  0x00, 0x52, 0x4f, 0x00, 0x00, 0x00, 0x00, 0x53, 0x00, 0xa7, 0xaf, 0x69,
  0x00, 0x00, 0x00, 0x63, 0x59, 0x00, 0x00, 0x6f, 0x5a, 0x00, 0x00, 0x00,
  0x00, 0x00, 0x9c, 0x8b, 0xae, 0xa5, 0x83, 0x00, 0x00, 0x00, 0x00, 0x00,
  0x00, 0x71, 0xb1, 0x00, 0x00, 0x00, 0x00, 0x00, 0xa3, 0x00, 0x50, 0x00,
  0x00, 0x00, 0x00, 0x4d, 0x00, 0x00, 0xae, 0x00, 0x00, 0x96, 0x90, 0x00,
  0x00, 0x00, 0x76, 0x00, 0x00, 0x67, 0x9c, 0x00, 0x6b, 0x00, 0x54, 0x00,
  0x00, 0x00, 0x00, 0x00, 0x00, 0x6e, 0x61, 0xb2, 0x6d, 0x00, 0x00, 0x00,
  0x00, 0x8a, 0x00, 0x00, 0x00, 0x00, 0x00, 0x00, 0x00, 0x92, 0x73, 0x00,
  0x00, 0x00, 0xb3, 0xaf, 0x81, 0xaf, 0x00, 0x00, 0x2e, 0x00, 0x00, 0x00,
  0x00, 0x38, 0x00, 0x00, 0x00, 0x00, 0x31, 0x37, 0x00, 0x00, 0xe3, 0x00,
  0x00, 0x00, 0x61, 0x00, 0x00, 0x00, 0x00, 0xe4, 0x00, 0x00, 0x00, 0x00,
  0x00, 0x00, 0x00, 0x00, 0x00, 0xb4, 0x00, 0xb6, 0x00, 0x00, 0x00, 0xbe,
  0xc6, 0x00, 0x00, 0x00, 0x00, 0x00, 0x3c, 0x00, 0x53, 0xd7, 0x00, 0x00,
  0xcf, 0x00, 0x00, 0x00, 0x56, 0xd0, 0xc5, 0x00, 0xce, 0x00, 0x81, 0x3f,
  0xc9, 0x00, 0x00, 0x00, 0x00, 0x3b, 0x00, 0x35, 0x00, 0x00, 0x00, 0xd1,
  0x00, 0x00, 0x00, 0x00, 0xb9, 0xdf, 0x3e, 0x00, 0x00, 0x00, 0x34, 0x41,
  0x00, 0x00, 0x00, 0xe1, 0x00, 0x42, 0x39, 0x00, 0xcc, 0xd8, 0x00, 0x00,
  0x00, 0x34, 0xcf, 0x00, 0x3a, 0x2b, 0x00, 0x27, 0x00, 0x50, 0x00, 0xb6,
  0x00, 0x00, 0x00, 0x00, 0x00, 0x00, 0x00, 0x00, 0x00, 0xca, 0xc4, 0x00,
  0x00, 0x42, 0x00, 0xa7, 0x00, 0x00, 0x00, 0x00, 0x00, 0x00, 0x00, 0x33,
  0x00, 0x00, 0x3a, 0xd2, 0x00, 0x59, 0x00, 0x00, 0xbe, 0x00, 0x31, 0x00,
  0xc8, 0xd2, 0x00, 0x2f, 0x00, 0x00, 0x00, 0xd7, 0xd3, 0x00, 0x00, 0x00,
  0x00, 0x00, 0x00, 0x00, 0x00, 0x00, 0x00, 0x00, 0x00, 0x00, 0x00, 0x00,
  0x00, 0x00, 0x3c, 0xba, 0x4f, 0x00, 0xaf, 0x9e, 0x00, 0x81, 0x00, 0x00,
  0x3c, 0x00, 0x00, 0x2a, 0xab, 0xce, 0xcd, 0x00, 0x00, 0x00, 0x00, 0x00,
  0x00, 0x31, 0x38, 0x3c, 0x00, 0x00, 0x00, 0x2c, 0x3d, 0x29, 0x00, 0x38,
  0x00, 0x00, 0x2e, 0xd9, 0xcf, 0x00, 0x00, 0x00, 0x00, 0x00, 0x00, 0x00,
  0x00, 0x00, 0x00, 0x00, 0x00, 0xc7, 0x00, 0x00, 0x00, 0x00, 0xae, 0xc1,
  0xcd, 0x00, 0x00, 0x00, 0x00, 0x41, 0x4c, 0x97, 0x00, 0xc3, 0xaf, 0x00,
  0x00, 0x00, 0x00, 0x00, 0x00, 0x00, 0x00, 0x00, 0xc8, 0xbd, 0xca, 0x00,
  0x57, 0xd4, 0x00, 0x00, 0x00, 0xbb, 0x7f, 0x00, 0x00, 0xc6, 0x00, 0x00,
  0x00, 0xdb, 0x00, 0x53, 0x3d, 0xc6, 0x00, 0x28, 0x00, 0x00, 0xd2, 0x9c,
  0x00, 0x00, 0x65, 0x00, 0x5f, 0x57, 0x00, 0x3e, 0x00, 0x00, 0x4b, 0x50,
  0x00, 0x00, 0x00, 0x00, 0xc9, 0x00, 0x53, 0xcf, 0x00, 0x00, 0x00, 0x2c,
  0xb2, 0xc9, 0x00, 0x00, 0xcc, 0x6e, 0x00, 0xd4, 0x00, 0x2c, 0x54, 0xbe,
  0x00, 0x36, 0x00, 0x00, 0x00, 0x2f, 0xd3, 0x00, 0xd0, 0x00, 0x00, 0x00,
  0x00, 0xc2, 0x00, 0x00, 0x00, 0xc8, 0xcd, 0x00, 0xcd, 0x00, 0x00, 0xcd,
  0x00, 0x00, 0x00, 0x00, 0x00, 0x00, 0x00, 0xd6, 0x30, 0x00, 0x00, 0x00,
  0xd3, 0x3b, 0x00, 0x00, 0x40, 0x00, 0x31, 0xd9, 0x00, 0xd1, 0x00, 0x35,
  0x00, 0x00, 0x00, 0x00, 0xba, 0x00, 0x56, 0x3b, 0x3b, 0x52, 0x00, 0x00,
  0x2a, 0x34, 0xd2, 0x00, 0x00, 0x44, 0x00, 0x00, 0x00, 0xb2, 0xd2, 0x00,
  0x39, 0x43, 0xda, 0x4b, 0x00, 0x00, 0x00, 0x00, 0x00, 0xc5, 0x00, 0x00,
  0x00, 0xc8, 0x92, 0x00, 0xd0, 0x33, 0x00, 0x00, 0x00, 0x00, 0x00, 0x00,
  0x00, 0x00, 0x00, 0xce, 0x00, 0x4a, 0x94, 0x65, 0x4d, 0x00, 0xad, 0x68,
  0x00, 0x00, 0x00, 0x00, 0x00, 0x00, 0xcd, 0xd5, 0x00, 0x00, 0x00, 0x72,
  0x7f, 0xbe, 0x00, 0x00, 0x00, 0x00, 0xd1, 0x00, 0xcd, 0xc0, 0x55, 0x00,
  0x00, 0x00, 0xd8, 0x39, 0x00, 0x00, 0x3c, 0xae, 0x00, 0x00, 0x00, 0xcc,
  0x00, 0x00, 0x00, 0x36, 0x00, 0x00, 0x00, 0x00, 0x00, 0x00, 0x00, 0x00,
  0x00, 0xbd, 0xdf, 0xdc, 0x00, 0x00, 0x30, 0x00, 0x00, 0x00, 0x30, 0x00,
  0x00, 0x37, 0x5d, 0x00, 0x00, 0x00, 0x00, 0x00, 0xc3, 0xb8, 0xbb, 0x60,
  0xbd, 0x3d, 0x39, 0x00, 0x00, 0x00, 0x00, 0x00, 0x32, 0x5c, 0x42, 0x00,
  0x00, 0x00, 0x57, 0x65, 0x00, 0x86, 0x00, 0x9c, 0x00, 0x67, 0x54, 0x00,
  0x00, 0x00, 0x62, 0x53, 0x00, 0x92, 0x00, 0xae, 0x89, 0x9f, 0x98, 0x9f,
  0xad, 0x63, 0x5b, 0x45, 0x00, 0x00, 0x00, 0x00, 0x00, 0x00, 0xab, 0x00,
  0xab, 0xa0, 0x00, 0x00, 0x00, 0x00, 0x73, 0x00, 0x66, 0x00, 0x57, 0x68,
  0x00, 0x00, 0x00, 0x72, 0xad, 0x83, 0x73, 0x49, 0x00, 0x00, 0x00, 0x86,
  0x00, 0x00, 0x00, 0xa8, 0xab, 0x00, 0x00, 0x00, 0x00, 0x00, 0x9b, 0x00,
  0x00, 0x00, 0x00, 0x00, 0x00, 0x00, 0x68, 0x00, 0x00, 0xa9, 0xa9, 0x00,
  0x00, 0x9f, 0x00, 0x91, 0x00, 0x8a, 0x78, 0x54, 0x5d, 0x71, 0x46, 0x00,
  0x00, 0x84, 0x84, 0x00, 0x00, 0x00, 0x00, 0x9c, 0x63, 0x00, 0x00, 0x46,
  0x56, 0x6e, 0x00, 0x68, 0x00, 0x00, 0x00, 0x00, 0x00, 0x81, 0x00, 0x00,
  0x00, 0x00, 0x86, 0x00, 0x00, 0x00, 0x00, 0x00, 0x8c, 0x94, 0x00, 0x00,
  0x2f, 0x00, 0x00, 0x4c, 0x00, 0xc2, 0x47, 0x00, 0x00, 0x00, 0x50, 0x00,
  0xd2, 0x00, 0xc9, 0x35, 0x46, 0xc1, 0x00, 0x30, 0xda, 0x00, 0x00, 0xc3,
  0x00, 0x34, 0x00, 0x00, 0x5e, 0x00, 0x59, 0x00, 0x4e, 0xb6, 0x7f, 0x37,
  0xbf, 0x00, 0x66, 0x00, 0x00, 0x00, 0x3f, 0x00, 0x00, 0x00, 0xca, 0x5d,
  0x00, 0x00, 0x37, 0x00, 0xbc, 0x5a, 0x00, 0x00, 0x00, 0x30, 0x35, 0xde,
  0x00, 0x50, 0x00, 0xcf, 0x00, 0x00, 0x00, 0x00, 0x00, 0xc5, 0xdb, 0x48,
  0x00, 0xc2, 0x00, 0x00, 0x00, 0x00, 0x2e, 0xd3, 0x00, 0x00, 0xca, 0x00,
  0x00, 0x00, 0x2c, 0x00, 0x00, 0xd7, 0x00, 0x40, 0x40, 0xdc, 0x00, 0x00,
  0xd2, 0x00, 0x00, 0xd0, 0xd8, 0x00, 0x00, 0xd9, 0x00, 0x00, 0xbc, 0x36,
  0x00, 0x2f, 0xd6, 0xdc, 0x00, 0x00, 0xd8, 0x38, 0xc6, 0x00, 0x00, 0x00,
  0xc2, 0x00, 0x00, 0x37, 0x31, 0x49, 0x4b, 0x2d, 0x00, 0x5b, 0x00, 0x00,
  0x00, 0x74, 0xaf, 0x00, 0x00, 0x87, 0x00, 0x00, 0x00, 0x00, 0x00, 0x00,
  0x00, 0x00, 0x00, 0x00, 0x57, 0x00, 0x00, 0x00, 0x00, 0x00, 0x00, 0x00,
  0x91, 0x00, 0x00, 0x00, 0x00, 0x00, 0x00, 0x52, 0x00, 0x00, 0x00, 0x00,
  0x00, 0x75, 0x00, 0x00, 0x00, 0x00, 0x86, 0x00, 0x5a, 0x74, 0x00, 0x56,
  0x53, 0x00, 0x00, 0x97, 0x00, 0x8a, 0x00, 0xa5, 0xb1, 0x00, 0xaa, 0x00,
  0x00, 0xa5, 0x81, 0xb0, 0x00, 0x95, 0x4f, 0x00, 0x9f, 0x00, 0x00, 0x00,
  0x00, 0x00, 0x00, 0x00, 0x00, 0x9a, 0x00, 0x00, 0x8a, 0x00, 0x00, 0x54,
  0xa2, 0x92, 0x00, 0xa5, 0x00, 0x00, 0x00, 0x00, 0x00, 0x00, 0xa1, 0x00,
  0x00, 0x9d, 0x7c, 0x00, 0xa0, 0x00, 0x00, 0x00, 0x00, 0x00, 0x00, 0xa3,
  0x00, 0x00, 0x00, 0x00, 0x00, 0x00, 0xae, 0x72, 0x6b, 0x00, 0x00, 0x00,
  0x6e, 0x00, 0x69, 0xa7, 0xca, 0x00, 0x00, 0x00, 0x3c, 0x00, 0x00, 0x38,
  0x00, 0x00, 0x00, 0x00, 0x00, 0x00, 0xc3, 0x00, 0x00, 0xd0, 0xa6, 0x00,
  0x59, 0x51, 0x00, 0xcd, 0x00, 0xac, 0x00, 0x00, 0x00, 0x5a, 0x00, 0xb4,
  0x00, 0x00, 0x00, 0x63, 0x00, 0x00, 0x00, 0x50, 0x48, 0x41, 0x4f, 0x00,
  0x00, 0x00, 0x00, 0x54, 0x92, 0x00, 0x59, 0x67, 0x00, 0x00, 0x00, 0x00,
  0x00, 0x00, 0x40, 0x00, 0x7f, 0x00, 0x5a, 0x00, 0xc1, 0x00, 0x00, 0x00,
  0x00, 0x3b, 0x00, 0xc2, 0x00, 0x00, 0x00, 0x00, 0x00, 0x00, 0x00, 0x55,
  0x00, 0xd7, 0x00, 0x00, 0xbe, 0x50, 0x00, 0x00, 0x00, 0xa5, 0x00, 0xbf,
  0x00, 0x00, 0x00, 0x00, 0x00, 0x00, 0x39, 0x00, 0x00, 0x00, 0x70, 0x00,
  0xb6, 0x41, 0x00, 0x33, 0x00, 0x00, 0xb6, 0x00, 0x00, 0x00, 0x69, 0x51,
  0x70, 0x00, 0x00, 0x00, 0xcf, 0x00, 0x00, 0xcf, 0x00, 0x00, 0x00, 0x00,
  0x00, 0x00, 0x00, 0x00, 0x00, 0x00, 0x30, 0xd9, 0x00, 0x00, 0x00, 0x00,
  0x2b, 0x43, 0x00, 0x00, 0xd0, 0x35, 0x00, 0x00, 0x00, 0xcb, 0x00, 0x00,
  0x00, 0x45, 0x00, 0x37, 0xbe, 0x00, 0x00, 0x43, 0xcb, 0xbf, 0x00, 0x90,
  0x00, 0x00, 0x3b, 0xc7, 0x00, 0x2a, 0xd7, 0x00, 0x00, 0x3e, 0x42, 0xaa,
  0x00, 0x2d, 0xda, 0xbf, 0xb0, 0x81, 0x27, 0x00, 0x00, 0xc7, 0x00, 0x28,
  0x9a, 0x00, 0xcf, 0x00, 0x33, 0x00, 0x00, 0x00, 0x00, 0x00, 0x00, 0x00,
  0x2d, 0x00, 0xd7, 0xd6, 0x00, 0x00, 0xcf, 0x00, 0x00, 0xe0, 0xd9, 0xdd,
  0x00, 0x00, 0x00, 0x52, 0xd5, 0x00, 0x45, 0x00, 0x00, 0x2a, 0x00, 0x2e,
  0x00, 0xd0, 0x00, 0x32, 0x00, 0x00, 0xbe, 0x00, 0x31, 0x00, 0xd5, 0x00,
  0xde, 0x44, 0x48, 0x00, 0x00, 0x00, 0x00, 0xbe, 0xd8, 0x00, 0x00, 0x00,
  0x00, 0x00, 0xc5, 0x00, 0x00, 0xda, 0x00, 0x00, 0x32, 0xb4, 0x40, 0x3d,
  0x00, 0xd1, 0x00, 0x00, 0x00, 0x36, 0xce, 0x00, 0x00, 0xab, 0x00, 0x2b,
  0x00, 0xc9, 0x9f, 0x00, 0x2d, 0x00, 0xbf, 0x00, 0x00, 0xb1, 0x00, 0xba,
  0x00, 0x00, 0x00, 0x00, 0x00, 0x00, 0x00, 0x48, 0x00, 0x2a, 0x00, 0x4a,
  0x00, 0x00, 0x00, 0x00, 0x00, 0x00, 0xab, 0x4b, 0xbd, 0x00, 0x00, 0x32,
  0x35, 0x7f, 0xc9, 0x30, 0xa9, 0x49, 0x00, 0x00, 0x5b, 0x00, 0x7c, 0xc4,
  0xcf, 0x00, 0x00, 0x00, 0x00, 0xb5, 0x2f, 0x00, 0x00, 0x00, 0x00, 0x00,
  0x00, 0x36, 0x45, 0x3c, 0x00, 0x00, 0x00, 0x00, 0x00, 0xc3, 0xd0, 0xad,
  0x53, 0x00, 0xcc, 0x32, 0x00, 0x00, 0x28, 0x00, 0x00, 0x00, 0xcc, 0x00,
  0x00, 0x00, 0x3c, 0x2b, 0x3d, 0x00, 0x00, 0x00, 0xbf, 0x00, 0x00, 0x2e,
  0x00, 0x00, 0x00, 0x3b, 0x5a, 0xc0, 0x2a, 0x00, 0x2c, 0x00, 0x33, 0x00,
  0x33, 0x00, 0x00, 0x55, 0x00, 0x00, 0xa5, 0xb0, 0x40, 0x00, 0xbc, 0x00,
  0xd7, 0xbf, 0xc5, 0x00, 0x00, 0x5d, 0x00, 0xc6, 0xbd, 0x4d, 0x00, 0x2c,
  0x31, 0x00, 0x00, 0x00, 0x2f, 0x00, 0x00, 0x00, 0xc6, 0x00, 0xad, 0xce,
  0xcb, 0x3a, 0x00, 0xbb, 0x39, 0x00, 0xc3, 0x2a, 0x00, 0x00, 0xb4, 0x00,
  0x00, 0x49, 0x5a, 0xbd, 0x00, 0x00, 0x93, 0xa1, 0xd3, 0x81, 0x00, 0x00,
  0x32, 0x00, 0xcf, 0x00, 0xca, 0x00, 0x98, 0x51, 0xda, 0x2a, 0x00, 0x00,
  0xbf, 0x4d, 0x37, 0x3f, 0x00, 0x2b, 0x00, 0x2a, 0x34, 0x00, 0x00, 0x3e,
  0x2e, 0x00, 0x37, 0x00, 0x3e, 0xd1, 0x00, 0x3c, 0xc6, 0x00, 0x5b, 0x00,
  0x00, 0x30, 0x2b, 0x00, 0x00, 0x00, 0x33, 0x4e, 0x00, 0x00, 0x00, 0x00,
  0xbf, 0xd5, 0xaf, 0xd2, 0x00, 0x00, 0x00, 0xd8, 0x00, 0x3a, 0xa6, 0x00,
  0x00, 0xb9, 0xc9, 0x40, 0xc6, 0xbe, 0x00, 0x00, 0xb0, 0x00, 0x00, 0x00,
  0x1a, 0xfe, 0xff, 0xff, 0x04, 0x00, 0x00, 0x00, 0x80, 0x00, 0x00, 0x00,
  0xff, 0xfc, 0xff, 0xff, 0xb1, 0xff, 0xff, 0xff, 0xd4, 0xff, 0xff, 0xff,
  0x52, 0x00, 0x00, 0x00, 0xe6, 0xfd, 0xff, 0xff, 0x00, 0x00, 0x00, 0x00,
  0xcb, 0x00, 0x00, 0x00, 0xed, 0x01, 0x00, 0x00, 0x41, 0xfa, 0xff, 0xff,
  0xb4, 0xfd, 0xff, 0xff, 0xfd, 0xfc, 0xff, 0xff, 0x72, 0x01, 0x00, 0x00,
  0x74, 0x00, 0x00, 0x00, 0x00, 0x00, 0x00, 0x00, 0xa2, 0x04, 0x00, 0x00,
  0x18, 0x02, 0x00, 0x00, 0x77, 0xfe, 0xff, 0xff, 0x63, 0x00, 0x00, 0x00,
  0xb7, 0xff, 0xff, 0xff, 0x2e, 0x04, 0x00, 0x00, 0x1f, 0xfd, 0xff, 0xff,
  0x60, 0x06, 0x00, 0x00, 0x2e, 0xff, 0xff, 0xff, 0x00, 0x02, 0x00, 0x00,
  0xe2, 0x02, 0x00, 0x00, 0xee, 0xfd, 0xff, 0xff, 0x70, 0x03, 0x00, 0x00,
  0x00, 0x00, 0x00, 0x00, 0xb6, 0xff, 0xff, 0xff, 0x33, 0x03, 0x00, 0x00,
  0xfd, 0xfd, 0xff, 0xff, 0x4d, 0x00, 0x00, 0x00, 0xa6, 0xfe, 0xff, 0xff,
  0x04, 0x00, 0x00, 0x00, 0x60, 0x00, 0x00, 0x00, 0x00, 0x00, 0x00, 0x79,
  0x7f, 0xa6, 0x81, 0x00, 0x00, 0x78, 0x00, 0x87, 0x97, 0x00, 0x77, 0x00,
  0x00, 0x00, 0x00, 0x5a, 0x00, 0x00, 0xb2, 0x69, 0x00, 0xb5, 0x00, 0x00,
  0x00, 0x00, 0x59, 0x9b, 0x00, 0x56, 0x65, 0x00, 0x00, 0x00, 0x00, 0x8c,
  0x00, 0x00, 0x00, 0x00, 0x00, 0x00, 0xb7, 0x00, 0x81, 0x4c, 0x82, 0x00,
  0x00, 0x51, 0x00, 0x00, 0x00, 0x00, 0x00, 0x50, 0xad, 0x56, 0x94, 0x52,
  0x00, 0x4a, 0x00, 0x00, 0x9f, 0xbd, 0x00, 0x00, 0xc0, 0x00, 0x73, 0x43,
  0x00, 0x00, 0x00, 0x89, 0x55, 0x51, 0x00, 0x00, 0x00, 0xb3, 0x00, 0x00,
  0x7f, 0x00, 0xa3, 0x00, 0x00, 0x00, 0x5b, 0x00, 0x12, 0xff, 0xff, 0xff,
  0x04, 0x00, 0x00, 0x00, 0x0c, 0x00, 0x00, 0x00, 0x7c, 0xff, 0xff, 0xff,
  0x3d, 0x02, 0x00, 0x00, 0x25, 0xfe, 0xff, 0xff, 0x2a, 0xff, 0xff, 0xff,
  0x04, 0x00, 0x00, 0x00, 0x08, 0x00, 0x00, 0x00, 0xff, 0xff, 0xff, 0xff,
  0x80, 0x00, 0x00, 0x00, 0x78, 0xe8, 0xff, 0xff, 0x7c, 0xe8, 0xff, 0xff,
  0x0f, 0x00, 0x00, 0x00, 0x4d, 0x4c, 0x49, 0x52, 0x20, 0x43, 0x6f, 0x6e,
  0x76, 0x65, 0x72, 0x74, 0x65, 0x64, 0x2e, 0x00, 0x01, 0x00, 0x00, 0x00,
  0x14, 0x00, 0x00, 0x00, 0x00, 0x00, 0x0e, 0x00, 0x18, 0x00, 0x14, 0x00,
  0x10, 0x00, 0x0c, 0x00, 0x08, 0x00, 0x04, 0x00, 0x0e, 0x00, 0x00, 0x00,
  0x14, 0x00, 0x00, 0x00, 0x1c, 0x00, 0x00, 0x00, 0x34, 0x03, 0x00, 0x00,
  0x38, 0x03, 0x00, 0x00, 0x3c, 0x03, 0x00, 0x00, 0x04, 0x00, 0x00, 0x00,
  0x6d, 0x61, 0x69, 0x6e, 0x00, 0x00, 0x00, 0x00, 0x0c, 0x00, 0x00, 0x00,
  0xfc, 0x02, 0x00, 0x00, 0x9c, 0x02, 0x00, 0x00, 0x38, 0x02, 0x00, 0x00,
  0xe0, 0x01, 0x00, 0x00, 0x9c, 0x01, 0x00, 0x00, 0x54, 0x01, 0x00, 0x00,
  0x10, 0x01, 0x00, 0x00, 0xe8, 0x00, 0x00, 0x00, 0x98, 0x00, 0x00, 0x00,
  0x60, 0x00, 0x00, 0x00, 0x24, 0x00, 0x00, 0x00, 0x04, 0x00, 0x00, 0x00,
  0x3e, 0xfd, 0xff, 0xff, 0x08, 0x00, 0x00, 0x00, 0x0c, 0x00, 0x00, 0x00,
  0x01, 0x00, 0x00, 0x00, 0x17, 0x00, 0x00, 0x00, 0x01, 0x00, 0x00, 0x00,
  0x16, 0x00, 0x00, 0x00, 0x1a, 0xfe, 0xff, 0xff, 0x1c, 0x00, 0x00, 0x00,
  0x00, 0x00, 0x00, 0x09, 0x1c, 0x00, 0x00, 0x00, 0x20, 0x00, 0x00, 0x00,
  0x05, 0x00, 0x00, 0x00, 0x00, 0x00, 0x06, 0x00, 0x08, 0x00, 0x04, 0x00,
  0x06, 0x00, 0x00, 0x00, 0x00, 0x00, 0x80, 0x3f, 0x01, 0x00, 0x00, 0x00,
  0x16, 0x00, 0x00, 0x00, 0x01, 0x00, 0x00, 0x00, 0x15, 0x00, 0x00, 0x00,
  0xf2, 0xfd, 0xff, 0xff, 0x14, 0x00, 0x00, 0x00, 0x00, 0x00, 0x00, 0x08,
  0x10, 0x00, 0x00, 0x00, 0x14, 0x00, 0x00, 0x00, 0x04, 0x00, 0x00, 0x00,
  0x70, 0xe9, 0xff, 0xff, 0x01, 0x00, 0x00, 0x00, 0x15, 0x00, 0x00, 0x00,
  0x03, 0x00, 0x00, 0x00, 0x14, 0x00, 0x00, 0x00, 0x03, 0x00, 0x00, 0x00,
  0x02, 0x00, 0x00, 0x00, 0x86, 0xfe, 0xff, 0xff, 0x1c, 0x00, 0x00, 0x00,
  0x00, 0x00, 0x00, 0x08, 0x1c, 0x00, 0x00, 0x00, 0x20, 0x00, 0x00, 0x00,
  0x04, 0x00, 0x00, 0x00, 0x00, 0x00, 0x06, 0x00, 0x08, 0x00, 0x07, 0x00,
  0x06, 0x00, 0x00, 0x00, 0x00, 0x00, 0x00, 0x01, 0x01, 0x00, 0x00, 0x00,
  0x14, 0x00, 0x00, 0x00, 0x03, 0x00, 0x00, 0x00, 0x13, 0x00, 0x00, 0x00,
  0x05, 0x00, 0x00, 0x00, 0x04, 0x00, 0x00, 0x00, 0x00, 0x00, 0x0a, 0x00,
  0x10, 0x00, 0x0c, 0x00, 0x08, 0x00, 0x04, 0x00, 0x0a, 0x00, 0x00, 0x00,
  0x0c, 0x00, 0x00, 0x00, 0x10, 0x00, 0x00, 0x00, 0x03, 0x00, 0x00, 0x00,
  0x01, 0x00, 0x00, 0x00, 0x13, 0x00, 0x00, 0x00, 0x02, 0x00, 0x00, 0x00,
  0x12, 0x00, 0x00, 0x00, 0x01, 0x00, 0x00, 0x00, 0x96, 0xfe, 0xff, 0xff,
  0x14, 0x00, 0x00, 0x00, 0x00, 0x00, 0x00, 0x05, 0x24, 0x00, 0x00, 0x00,
  0x28, 0x00, 0x00, 0x00, 0x02, 0x00, 0x00, 0x00, 0xe6, 0xfe, 0xff, 0xff,
  0x02, 0x00, 0x00, 0x00, 0x02, 0x00, 0x00, 0x00, 0x02, 0x00, 0x00, 0x00,
  0x02, 0x00, 0x00, 0x00, 0x00, 0x00, 0x00, 0x01, 0x01, 0x00, 0x00, 0x00,
  0x12, 0x00, 0x00, 0x00, 0x01, 0x00, 0x00, 0x00, 0x11, 0x00, 0x00, 0x00,
  0xd6, 0xfe, 0xff, 0xff, 0x14, 0x00, 0x00, 0x00, 0x00, 0x00, 0x00, 0x01,
  0x20, 0x00, 0x00, 0x00, 0x24, 0x00, 0x00, 0x00, 0x01, 0x00, 0x00, 0x00,
  0xc8, 0xfe, 0xff, 0xff, 0x00, 0x00, 0x00, 0x01, 0x01, 0x00, 0x00, 0x00,
  0x01, 0x00, 0x00, 0x00, 0x00, 0x00, 0x00, 0x01, 0x01, 0x00, 0x00, 0x00,
  0x11, 0x00, 0x00, 0x00, 0x03, 0x00, 0x00, 0x00, 0x10, 0x00, 0x00, 0x00,
  0x07, 0x00, 0x00, 0x00, 0x06, 0x00, 0x00, 0x00, 0x1a, 0xff, 0xff, 0xff,
  0x14, 0x00, 0x00, 0x00, 0x00, 0x00, 0x00, 0x05, 0x24, 0x00, 0x00, 0x00,
  0x28, 0x00, 0x00, 0x00, 0x02, 0x00, 0x00, 0x00, 0x6a, 0xff, 0xff, 0xff,
  0x02, 0x00, 0x00, 0x00, 0x02, 0x00, 0x00, 0x00, 0x02, 0x00, 0x00, 0x00,
  0x02, 0x00, 0x00, 0x00, 0x00, 0x00, 0x00, 0x01, 0x01, 0x00, 0x00, 0x00,
  0x10, 0x00, 0x00, 0x00, 0x01, 0x00, 0x00, 0x00, 0x0f, 0x00, 0x00, 0x00,
  0x5a, 0xff, 0xff, 0xff, 0x14, 0x00, 0x00, 0x00, 0x00, 0x00, 0x00, 0x01,
  0x20, 0x00, 0x00, 0x00, 0x24, 0x00, 0x00, 0x00, 0x01, 0x00, 0x00, 0x00,
  0x4c, 0xff, 0xff, 0xff, 0x00, 0x00, 0x00, 0x01, 0x01, 0x00, 0x00, 0x00,
  0x01, 0x00, 0x00, 0x00, 0x00, 0x00, 0x00, 0x01, 0x01, 0x00, 0x00, 0x00,
  0x0f, 0x00, 0x00, 0x00, 0x03, 0x00, 0x00, 0x00, 0x0e, 0x00, 0x00, 0x00,
  0x09, 0x00, 0x00, 0x00, 0x08, 0x00, 0x00, 0x00, 0x00, 0x00, 0x0e, 0x00,
  0x1a, 0x00, 0x14, 0x00, 0x10, 0x00, 0x0c, 0x00, 0x0b, 0x00, 0x04, 0x00,
  0x0e, 0x00, 0x00, 0x00, 0x24, 0x00, 0x00, 0x00, 0x00, 0x00, 0x00, 0x05,
  0x34, 0x00, 0x00, 0x00, 0x38, 0x00, 0x00, 0x00, 0x02, 0x00, 0x00, 0x00,
  0x00, 0x00, 0x0e, 0x00, 0x18, 0x00, 0x17, 0x00, 0x10, 0x00, 0x0c, 0x00,
  0x08, 0x00, 0x04, 0x00, 0x0e, 0x00, 0x00, 0x00, 0x02, 0x00, 0x00, 0x00,
  0x02, 0x00, 0x00, 0x00, 0x02, 0x00, 0x00, 0x00, 0x02, 0x00, 0x00, 0x00,
  0x00, 0x00, 0x00, 0x01, 0x01, 0x00, 0x00, 0x00, 0x0e, 0x00, 0x00, 0x00,
  0x01, 0x00, 0x00, 0x00, 0x0d, 0x00, 0x00, 0x00, 0x00, 0x00, 0x0e, 0x00,
  0x18, 0x00, 0x14, 0x00, 0x10, 0x00, 0x0c, 0x00, 0x0b, 0x00, 0x04, 0x00,
  0x0e, 0x00, 0x00, 0x00, 0x20, 0x00, 0x00, 0x00, 0x00, 0x00, 0x00, 0x01,
  0x2c, 0x00, 0x00, 0x00, 0x30, 0x00, 0x00, 0x00, 0x01, 0x00, 0x00, 0x00,
  0x0c, 0x00, 0x14, 0x00, 0x13, 0x00, 0x0c, 0x00, 0x08, 0x00, 0x07, 0x00,
  0x0c, 0x00, 0x00, 0x00, 0x00, 0x00, 0x00, 0x01, 0x01, 0x00, 0x00, 0x00,
  0x01, 0x00, 0x00, 0x00, 0x00, 0x00, 0x00, 0x01, 0x01, 0x00, 0x00, 0x00,
  0x0d, 0x00, 0x00, 0x00, 0x03, 0x00, 0x00, 0x00, 0x0c, 0x00, 0x00, 0x00,
  0x0b, 0x00, 0x00, 0x00, 0x0a, 0x00, 0x00, 0x00, 0x00, 0x00, 0x0a, 0x00,
  0x0c, 0x00, 0x00, 0x00, 0x08, 0x00, 0x04, 0x00, 0x0a, 0x00, 0x00, 0x00,
  0x08, 0x00, 0x00, 0x00, 0x0c, 0x00, 0x00, 0x00, 0x01, 0x00, 0x00, 0x00,
  0x0c, 0x00, 0x00, 0x00, 0x01, 0x00, 0x00, 0x00, 0x00, 0x00, 0x00, 0x00,
  0x01, 0x00, 0x00, 0x00, 0x17, 0x00, 0x00, 0x00, 0x01, 0x00, 0x00, 0x00,
  0x00, 0x00, 0x00, 0x00, 0x18, 0x00, 0x00, 0x00, 0x3c, 0x14, 0x00, 0x00,
  0xe0, 0x13, 0x00, 0x00, 0x50, 0x13, 0x00, 0x00, 0xd4, 0x12, 0x00, 0x00,
  0x00, 0x11, 0x00, 0x00, 0x24, 0x0f, 0x00, 0x00, 0x50, 0x0d, 0x00, 0x00,
  0x6c, 0x0b, 0x00, 0x00, 0x58, 0x0a, 0x00, 0x00, 0x34, 0x09, 0x00, 0x00,
  0x80, 0x08, 0x00, 0x00, 0xbc, 0x07, 0x00, 0x00, 0x38, 0x07, 0x00, 0x00,
  0x54, 0x06, 0x00, 0x00, 0xc0, 0x05, 0x00, 0x00, 0xd4, 0x04, 0x00, 0x00,
  0x40, 0x04, 0x00, 0x00, 0x54, 0x03, 0x00, 0x00, 0xc0, 0x02, 0x00, 0x00,
  0x44, 0x02, 0x00, 0x00, 0x98, 0x01, 0x00, 0x00, 0xfc, 0x00, 0x00, 0x00,
  0x80, 0x00, 0x00, 0x00, 0x04, 0x00, 0x00, 0x00, 0x3a, 0xec, 0xff, 0xff,
  0x00, 0x00, 0x00, 0x01, 0x18, 0x00, 0x00, 0x00, 0x20, 0x00, 0x00, 0x00,
  0x3c, 0x00, 0x00, 0x00, 0x18, 0x00, 0x00, 0x00, 0x00, 0x00, 0x00, 0x03,
  0x50, 0x00, 0x00, 0x00, 0x02, 0x00, 0x00, 0x00, 0xff, 0xff, 0xff, 0xff,
  0x03, 0x00, 0x00, 0x00, 0x1c, 0xec, 0xff, 0xff, 0x08, 0x00, 0x00, 0x00,
  0x10, 0x00, 0x00, 0x00, 0x01, 0x00, 0x00, 0x00, 0x00, 0x00, 0x00, 0x00,
  0x00, 0x00, 0x00, 0x00, 0x01, 0x00, 0x00, 0x00, 0x00, 0x00, 0x80, 0x3b,
  0x19, 0x00, 0x00, 0x00, 0x53, 0x74, 0x61, 0x74, 0x65, 0x66, 0x75, 0x6c,
  0x50, 0x61, 0x72, 0x74, 0x69, 0x74, 0x69, 0x6f, 0x6e, 0x65, 0x64, 0x43,
  0x61, 0x6c, 0x6c, 0x3a, 0x30, 0x00, 0x00, 0x00, 0x02, 0x00, 0x00, 0x00,
  0x01, 0x00, 0x00, 0x00, 0x03, 0x00, 0x00, 0x00, 0xb2, 0xec, 0xff, 0xff,
  0x00, 0x00, 0x00, 0x01, 0x18, 0x00, 0x00, 0x00, 0x20, 0x00, 0x00, 0x00,
  0x3c, 0x00, 0x00, 0x00, 0x17, 0x00, 0x00, 0x00, 0x00, 0x00, 0x00, 0x09,
  0x50, 0x00, 0x00, 0x00, 0x02, 0x00, 0x00, 0x00, 0xff, 0xff, 0xff, 0xff,
  0x03, 0x00, 0x00, 0x00, 0x94, 0xec, 0xff, 0xff, 0x08, 0x00, 0x00, 0x00,
  0x10, 0x00, 0x00, 0x00, 0x01, 0x00, 0x00, 0x00, 0x80, 0xff, 0xff, 0xff,
  0xff, 0xff, 0xff, 0xff, 0x01, 0x00, 0x00, 0x00, 0x00, 0x00, 0x80, 0x3b,
  0x1a, 0x00, 0x00, 0x00, 0x53, 0x74, 0x61, 0x74, 0x65, 0x66, 0x75, 0x6c,
  0x50, 0x61, 0x72, 0x74, 0x69, 0x74, 0x69, 0x6f, 0x6e, 0x65, 0x64, 0x43,
  0x61, 0x6c, 0x6c, 0x3a, 0x30, 0x31, 0x00, 0x00, 0x02, 0x00, 0x00, 0x00,
  0x01, 0x00, 0x00, 0x00, 0x03, 0x00, 0x00, 0x00, 0x2a, 0xed, 0xff, 0xff,
  0x00, 0x00, 0x00, 0x01, 0x18, 0x00, 0x00, 0x00, 0x20, 0x00, 0x00, 0x00,
  0x40, 0x00, 0x00, 0x00, 0x16, 0x00, 0x00, 0x00, 0x00, 0x00, 0x00, 0x09,
  0x70, 0x00, 0x00, 0x00, 0x02, 0x00, 0x00, 0x00, 0xff, 0xff, 0xff, 0xff,
  0x03, 0x00, 0x00, 0x00, 0x0c, 0xed, 0xff, 0xff, 0x08, 0x00, 0x00, 0x00,
  0x14, 0x00, 0x00, 0x00, 0x01, 0x00, 0x00, 0x00, 0xec, 0xff, 0xff, 0xff,
  0xff, 0xff, 0xff, 0xff, 0x00, 0x00, 0x00, 0x00, 0x01, 0x00, 0x00, 0x00,
  0x2e, 0xdc, 0x94, 0x3d, 0x34, 0x00, 0x00, 0x00, 0x73, 0x65, 0x71, 0x75,
  0x65, 0x6e, 0x74, 0x69, 0x61, 0x6c, 0x2f, 0x64, 0x65, 0x6e, 0x73, 0x65,
  0x5f, 0x31, 0x2f, 0x4d, 0x61, 0x74, 0x4d, 0x75, 0x6c, 0x3b, 0x73, 0x65,
  0x71, 0x75, 0x65, 0x6e, 0x74, 0x69, 0x61, 0x6c, 0x2f, 0x64, 0x65, 0x6e,
  0x73, 0x65, 0x5f, 0x31, 0x2f, 0x42, 0x69, 0x61, 0x73, 0x41, 0x64, 0x64,
  0x00, 0x00, 0x00, 0x00, 0x02, 0x00, 0x00, 0x00, 0x01, 0x00, 0x00, 0x00,
  0x03, 0x00, 0x00, 0x00, 0xc2, 0xed, 0xff, 0xff, 0x00, 0x00, 0x00, 0x01,
  0x18, 0x00, 0x00, 0x00, 0x20, 0x00, 0x00, 0x00, 0x40, 0x00, 0x00, 0x00,
  0x15, 0x00, 0x00, 0x00, 0x00, 0x00, 0x00, 0x09, 0x80, 0x00, 0x00, 0x00,
  0x02, 0x00, 0x00, 0x00, 0xff, 0xff, 0xff, 0xff, 0x20, 0x00, 0x00, 0x00,
  0xa4, 0xed, 0xff, 0xff, 0x08, 0x00, 0x00, 0x00, 0x14, 0x00, 0x00, 0x00,
  0x01, 0x00, 0x00, 0x00, 0x80, 0xff, 0xff, 0xff, 0xff, 0xff, 0xff, 0xff,
  0x00, 0x00, 0x00, 0x00, 0x01, 0x00, 0x00, 0x00, 0x58, 0x11, 0xb5, 0x3c,
  0x46, 0x00, 0x00, 0x00, 0x73, 0x65, 0x71, 0x75, 0x65, 0x6e, 0x74, 0x69,
  0x61, 0x6c, 0x2f, 0x64, 0x65, 0x6e, 0x73, 0x65, 0x2f, 0x4d, 0x61, 0x74,
  0x4d, 0x75, 0x6c, 0x3b, 0x73, 0x65, 0x71, 0x75, 0x65, 0x6e, 0x74, 0x69,
  0x61, 0x6c, 0x2f, 0x64, 0x65, 0x6e, 0x73, 0x65, 0x2f, 0x52, 0x65, 0x6c,
  0x75, 0x3b, 0x73, 0x65, 0x71, 0x75, 0x65, 0x6e, 0x74, 0x69, 0x61, 0x6c,
  0x2f, 0x64, 0x65, 0x6e, 0x73, 0x65, 0x2f, 0x42, 0x69, 0x61, 0x73, 0x41,
  0x64, 0x64, 0x00, 0x00, 0x02, 0x00, 0x00, 0x00, 0x01, 0x00, 0x00, 0x00,
  0x20, 0x00, 0x00, 0x00, 0x6a, 0xee, 0xff, 0xff, 0x00, 0x00, 0x00, 0x01,
  0x18, 0x00, 0x00, 0x00, 0x20, 0x00, 0x00, 0x00, 0x3c, 0x00, 0x00, 0x00,
  0x14, 0x00, 0x00, 0x00, 0x00, 0x00, 0x00, 0x09, 0x50, 0x00, 0x00, 0x00,
  0x02, 0x00, 0x00, 0x00, 0xff, 0xff, 0xff, 0xff, 0x80, 0x00, 0x00, 0x00,
  0x4c, 0xee, 0xff, 0xff, 0x08, 0x00, 0x00, 0x00, 0x10, 0x00, 0x00, 0x00,
  0x01, 0x00, 0x00, 0x00, 0x80, 0xff, 0xff, 0xff, 0xff, 0xff, 0xff, 0xff,
  0x01, 0x00, 0x00, 0x00, 0x68, 0x1a, 0x3d, 0x3c, 0x1a, 0x00, 0x00, 0x00,
  0x73, 0x65, 0x71, 0x75, 0x65, 0x6e, 0x74, 0x69, 0x61, 0x6c, 0x2f, 0x66,
  0x6c, 0x61, 0x74, 0x74, 0x65, 0x6e, 0x2f, 0x52, 0x65, 0x73, 0x68, 0x61,
  0x70, 0x65, 0x00, 0x00, 0x02, 0x00, 0x00, 0x00, 0x01, 0x00, 0x00, 0x00,
  0x80, 0x00, 0x00, 0x00, 0xe2, 0xee, 0xff, 0xff, 0x00, 0x00, 0x00, 0x01,
  0x18, 0x00, 0x00, 0x00, 0x28, 0x00, 0x00, 0x00, 0x44, 0x00, 0x00, 0x00,
  0x13, 0x00, 0x00, 0x00, 0x00, 0x00, 0x00, 0x09, 0x60, 0x00, 0x00, 0x00,
  0x04, 0x00, 0x00, 0x00, 0xff, 0xff, 0xff, 0xff, 0x02, 0x00, 0x00, 0x00,
  0x02, 0x00, 0x00, 0x00, 0x20, 0x00, 0x00, 0x00, 0xcc, 0xee, 0xff, 0xff,
  0x08, 0x00, 0x00, 0x00, 0x10, 0x00, 0x00, 0x00, 0x01, 0x00, 0x00, 0x00,
  0x80, 0xff, 0xff, 0xff, 0xff, 0xff, 0xff, 0xff, 0x01, 0x00, 0x00, 0x00,
  0x68, 0x1a, 0x3d, 0x3c, 0x22, 0x00, 0x00, 0x00, 0x73, 0x65, 0x71, 0x75,
  0x65, 0x6e, 0x74, 0x69, 0x61, 0x6c, 0x2f, 0x6d, 0x61, 0x78, 0x5f, 0x70,
  0x6f, 0x6f, 0x6c, 0x69, 0x6e, 0x67, 0x32, 0x64, 0x5f, 0x32, 0x2f, 0x4d,
  0x61, 0x78, 0x50, 0x6f, 0x6f, 0x6c, 0x00, 0x00, 0x04, 0x00, 0x00, 0x00,
  0x01, 0x00, 0x00, 0x00, 0x02, 0x00, 0x00, 0x00, 0x02, 0x00, 0x00, 0x00,
  0x20, 0x00, 0x00, 0x00, 0x72, 0xef, 0xff, 0xff, 0x00, 0x00, 0x00, 0x01,
  0x18, 0x00, 0x00, 0x00, 0x28, 0x00, 0x00, 0x00, 0x44, 0x00, 0x00, 0x00,
  0x12, 0x00, 0x00, 0x00, 0x00, 0x00, 0x00, 0x09, 0xb8, 0x00, 0x00, 0x00,
  0x04, 0x00, 0x00, 0x00, 0xff, 0xff, 0xff, 0xff, 0x04, 0x00, 0x00, 0x00,
  0x04, 0x00, 0x00, 0x00, 0x20, 0x00, 0x00, 0x00, 0x5c, 0xef, 0xff, 0xff,
  0x08, 0x00, 0x00, 0x00, 0x10, 0x00, 0x00, 0x00, 0x01, 0x00, 0x00, 0x00,
  0x80, 0xff, 0xff, 0xff, 0xff, 0xff, 0xff, 0xff, 0x01, 0x00, 0x00, 0x00,
  0x68, 0x1a, 0x3d, 0x3c, 0x7a, 0x00, 0x00, 0x00, 0x73, 0x65, 0x71, 0x75,
  0x65, 0x6e, 0x74, 0x69, 0x61, 0x6c, 0x2f, 0x63, 0x6f, 0x6e, 0x76, 0x32,
  0x64, 0x5f, 0x32, 0x2f, 0x52, 0x65, 0x6c, 0x75, 0x3b, 0x73, 0x65, 0x71,
  0x75, 0x65, 0x6e, 0x74, 0x69, 0x61, 0x6c, 0x2f, 0x63, 0x6f, 0x6e, 0x76,
  0x32, 0x64, 0x5f, 0x32, 0x2f, 0x42, 0x69, 0x61, 0x73, 0x41, 0x64, 0x64,
  0x3b, 0x73, 0x65, 0x71, 0x75, 0x65, 0x6e, 0x74, 0x69, 0x61, 0x6c, 0x2f,
  0x63, 0x6f, 0x6e, 0x76, 0x32, 0x64, 0x5f, 0x32, 0x2f, 0x43, 0x6f, 0x6e,
  0x76, 0x32, 0x44, 0x3b, 0x73, 0x65, 0x71, 0x75, 0x65, 0x6e, 0x74, 0x69,
  0x61, 0x6c, 0x2f, 0x63, 0x6f, 0x6e, 0x76, 0x32, 0x64, 0x5f, 0x32, 0x2f,
  0x42, 0x69, 0x61, 0x73, 0x41, 0x64, 0x64, 0x2f, 0x52, 0x65, 0x61, 0x64,
  0x56, 0x61, 0x72, 0x69, 0x61, 0x62, 0x6c, 0x65, 0x4f, 0x70, 0x00, 0x00,
  0x04, 0x00, 0x00, 0x00, 0x01, 0x00, 0x00, 0x00, 0x04, 0x00, 0x00, 0x00,
  0x04, 0x00, 0x00, 0x00, 0x20, 0x00, 0x00, 0x00, 0x5a, 0xf0, 0xff, 0xff,
  0x00, 0x00, 0x00, 0x01, 0x18, 0x00, 0x00, 0x00, 0x28, 0x00, 0x00, 0x00,
  0x44, 0x00, 0x00, 0x00, 0x11, 0x00, 0x00, 0x00, 0x00, 0x00, 0x00, 0x09,
  0x60, 0x00, 0x00, 0x00, 0x04, 0x00, 0x00, 0x00, 0xff, 0xff, 0xff, 0xff,
  0x06, 0x00, 0x00, 0x00, 0x06, 0x00, 0x00, 0x00, 0x10, 0x00, 0x00, 0x00,
  0x44, 0xf0, 0xff, 0xff, 0x08, 0x00, 0x00, 0x00, 0x10, 0x00, 0x00, 0x00,
  0x01, 0x00, 0x00, 0x00, 0x80, 0xff, 0xff, 0xff, 0xff, 0xff, 0xff, 0xff,
  0x01, 0x00, 0x00, 0x00, 0x5e, 0xb4, 0xaa, 0x3b, 0x22, 0x00, 0x00, 0x00,
  0x73, 0x65, 0x71, 0x75, 0x65, 0x6e, 0x74, 0x69, 0x61, 0x6c, 0x2f, 0x6d,
  0x61, 0x78, 0x5f, 0x70, 0x6f, 0x6f, 0x6c, 0x69, 0x6e, 0x67, 0x32, 0x64,
  0x5f, 0x31, 0x2f, 0x4d, 0x61, 0x78, 0x50, 0x6f, 0x6f, 0x6c, 0x00, 0x00,
  0x04, 0x00, 0x00, 0x00, 0x01, 0x00, 0x00, 0x00, 0x06, 0x00, 0x00, 0x00,
  0x06, 0x00, 0x00, 0x00, 0x10, 0x00, 0x00, 0x00, 0xea, 0xf0, 0xff, 0xff,
  0x00, 0x00, 0x00, 0x01, 0x18, 0x00, 0x00, 0x00, 0x28, 0x00, 0x00, 0x00,
  0x44, 0x00, 0x00, 0x00, 0x10, 0x00, 0x00, 0x00, 0x00, 0x00, 0x00, 0x09,
  0xb8, 0x00, 0x00, 0x00, 0x04, 0x00, 0x00, 0x00, 0xff, 0xff, 0xff, 0xff,
  0x0d, 0x00, 0x00, 0x00, 0x0d, 0x00, 0x00, 0x00, 0x10, 0x00, 0x00, 0x00,
  0xd4, 0xf0, 0xff, 0xff, 0x08, 0x00, 0x00, 0x00, 0x10, 0x00, 0x00, 0x00,
  0x01, 0x00, 0x00, 0x00, 0x80, 0xff, 0xff, 0xff, 0xff, 0xff, 0xff, 0xff,
  0x01, 0x00, 0x00, 0x00, 0x5e, 0xb4, 0xaa, 0x3b, 0x7a, 0x00, 0x00, 0x00,
  0x73, 0x65, 0x71, 0x75, 0x65, 0x6e, 0x74, 0x69, 0x61, 0x6c, 0x2f, 0x63,
  0x6f, 0x6e, 0x76, 0x32, 0x64, 0x5f, 0x31, 0x2f, 0x52, 0x65, 0x6c, 0x75,
  0x3b, 0x73, 0x65, 0x71, 0x75, 0x65, 0x6e, 0x74, 0x69, 0x61, 0x6c, 0x2f,
  0x63, 0x6f, 0x6e, 0x76, 0x32, 0x64, 0x5f, 0x31, 0x2f, 0x42, 0x69, 0x61,
  0x73, 0x41, 0x64, 0x64, 0x3b, 0x73, 0x65, 0x71, 0x75, 0x65, 0x6e, 0x74,
  0x69, 0x61, 0x6c, 0x2f, 0x63, 0x6f, 0x6e, 0x76, 0x32, 0x64, 0x5f, 0x31,
  0x2f, 0x43, 0x6f, 0x6e, 0x76, 0x32, 0x44, 0x3b, 0x73, 0x65, 0x71, 0x75,
  0x65, 0x6e, 0x74, 0x69, 0x61, 0x6c, 0x2f, 0x63, 0x6f, 0x6e, 0x76, 0x32,
  0x64, 0x5f, 0x31, 0x2f, 0x42, 0x69, 0x61, 0x73, 0x41, 0x64, 0x64, 0x2f,
  0x52, 0x65, 0x61, 0x64, 0x56, 0x61, 0x72, 0x69, 0x61, 0x62, 0x6c, 0x65,
  0x4f, 0x70, 0x00, 0x00, 0x04, 0x00, 0x00, 0x00, 0x01, 0x00, 0x00, 0x00,
  0x0d, 0x00, 0x00, 0x00, 0x0d, 0x00, 0x00, 0x00, 0x10, 0x00, 0x00, 0x00,
  0xd2, 0xf1, 0xff, 0xff, 0x00, 0x00, 0x00, 0x01, 0x18, 0x00, 0x00, 0x00,
  0x28, 0x00, 0x00, 0x00, 0x44, 0x00, 0x00, 0x00, 0x0f, 0x00, 0x00, 0x00,
  0x00, 0x00, 0x00, 0x09, 0x60, 0x00, 0x00, 0x00, 0x04, 0x00, 0x00, 0x00,
  0xff, 0xff, 0xff, 0xff, 0x0f, 0x00, 0x00, 0x00, 0x0f, 0x00, 0x00, 0x00,
  0x08, 0x00, 0x00, 0x00, 0xbc, 0xf1, 0xff, 0xff, 0x08, 0x00, 0x00, 0x00,
  0x10, 0x00, 0x00, 0x00, 0x01, 0x00, 0x00, 0x00, 0x80, 0xff, 0xff, 0xff,
  0xff, 0xff, 0xff, 0xff, 0x01, 0x00, 0x00, 0x00, 0x85, 0x0b, 0xa9, 0x3b,
  0x20, 0x00, 0x00, 0x00, 0x73, 0x65, 0x71, 0x75, 0x65, 0x6e, 0x74, 0x69,
  0x61, 0x6c, 0x2f, 0x6d, 0x61, 0x78, 0x5f, 0x70, 0x6f, 0x6f, 0x6c, 0x69,
  0x6e, 0x67, 0x32, 0x64, 0x2f, 0x4d, 0x61, 0x78, 0x50, 0x6f, 0x6f, 0x6c,
  0x00, 0x00, 0x00, 0x00, 0x04, 0x00, 0x00, 0x00, 0x01, 0x00, 0x00, 0x00,
  0x0f, 0x00, 0x00, 0x00, 0x0f, 0x00, 0x00, 0x00, 0x08, 0x00, 0x00, 0x00,
  0x62, 0xf2, 0xff, 0xff, 0x00, 0x00, 0x00, 0x01, 0x18, 0x00, 0x00, 0x00,
  0x28, 0x00, 0x00, 0x00, 0x44, 0x00, 0x00, 0x00, 0x0e, 0x00, 0x00, 0x00,
  0x00, 0x00, 0x00, 0x09, 0xb0, 0x00, 0x00, 0x00, 0x04, 0x00, 0x00, 0x00,
  0xff, 0xff, 0xff, 0xff, 0x1e, 0x00, 0x00, 0x00, 0x1e, 0x00, 0x00, 0x00,
  0x08, 0x00, 0x00, 0x00, 0x4c, 0xf2, 0xff, 0xff, 0x08, 0x00, 0x00, 0x00,
  0x10, 0x00, 0x00, 0x00, 0x01, 0x00, 0x00, 0x00, 0x80, 0xff, 0xff, 0xff,
  0xff, 0xff, 0xff, 0xff, 0x01, 0x00, 0x00, 0x00, 0x85, 0x0b, 0xa9, 0x3b,
  0x73, 0x00, 0x00, 0x00, 0x73, 0x65, 0x71, 0x75, 0x65, 0x6e, 0x74, 0x69,
  0x61, 0x6c, 0x2f, 0x63, 0x6f, 0x6e, 0x76, 0x32, 0x64, 0x2f, 0x52, 0x65,
  0x6c, 0x75, 0x3b, 0x73, 0x65, 0x71, 0x75, 0x65, 0x6e, 0x74, 0x69, 0x61,
  0x6c, 0x2f, 0x63, 0x6f, 0x6e, 0x76, 0x32, 0x64, 0x2f, 0x42, 0x69, 0x61,
  0x73, 0x41, 0x64, 0x64, 0x3b, 0x73, 0x65, 0x71, 0x75, 0x65, 0x6e, 0x74,
  0x69, 0x61, 0x6c, 0x2f, 0x63, 0x6f, 0x6e, 0x76, 0x32, 0x64, 0x2f, 0x43,
  0x6f, 0x6e, 0x76, 0x32, 0x44, 0x3b, 0x73, 0x65, 0x71, 0x75, 0x65, 0x6e,
  0x74, 0x69, 0x61, 0x6c, 0x2f, 0x63, 0x6f, 0x6e, 0x76, 0x32, 0x64, 0x2f,
  0x42, 0x69, 0x61, 0x73, 0x41, 0x64, 0x64, 0x2f, 0x52, 0x65, 0x61, 0x64,
  0x56, 0x61, 0x72, 0x69, 0x61, 0x62, 0x6c, 0x65, 0x4f, 0x70, 0x31, 0x00,
  0x04, 0x00, 0x00, 0x00, 0x01, 0x00, 0x00, 0x00, 0x1e, 0x00, 0x00, 0x00,
  0x1e, 0x00, 0x00, 0x00, 0x08, 0x00, 0x00, 0x00, 0x42, 0xf3, 0xff, 0xff,
  0x00, 0x00, 0x00, 0x01, 0x18, 0x00, 0x00, 0x00, 0x28, 0x00, 0x00, 0x00,
  0x48, 0x00, 0x00, 0x00, 0x0d, 0x00, 0x00, 0x00, 0x00, 0x00, 0x00, 0x09,
  0x50, 0x00, 0x00, 0x00, 0x04, 0x00, 0x00, 0x00, 0xff, 0xff, 0xff, 0xff,
  0x20, 0x00, 0x00, 0x00, 0x20, 0x00, 0x00, 0x00, 0x01, 0x00, 0x00, 0x00,
  0x2c, 0xf3, 0xff, 0xff, 0x08, 0x00, 0x00, 0x00, 0x14, 0x00, 0x00, 0x00,
  0x01, 0x00, 0x00, 0x00, 0x80, 0xff, 0xff, 0xff, 0xff, 0xff, 0xff, 0xff,
  0x00, 0x00, 0x00, 0x00, 0x01, 0x00, 0x00, 0x00, 0x37, 0x7d, 0x80, 0x3b,
  0x0c, 0x00, 0x00, 0x00, 0x74, 0x66, 0x6c, 0x2e, 0x71, 0x75, 0x61, 0x6e,
  0x74, 0x69, 0x7a, 0x65, 0x00, 0x00, 0x00, 0x00, 0x04, 0x00, 0x00, 0x00,
  0x01, 0x00, 0x00, 0x00, 0x20, 0x00, 0x00, 0x00, 0x20, 0x00, 0x00, 0x00,
  0x01, 0x00, 0x00, 0x00, 0x1a, 0xf4, 0xff, 0xff, 0x00, 0x00, 0x00, 0x01,
  0x14, 0x00, 0x00, 0x00, 0x88, 0x00, 0x00, 0x00, 0x0c, 0x00, 0x00, 0x00,
  0x00, 0x00, 0x00, 0x09, 0x94, 0x00, 0x00, 0x00, 0x94, 0xf3, 0xff, 0xff,
  0x08, 0x00, 0x00, 0x00, 0x4c, 0x00, 0x00, 0x00, 0x08, 0x00, 0x00, 0x00,
  0x00, 0x00, 0x00, 0x00, 0x00, 0x00, 0x00, 0x00, 0x00, 0x00, 0x00, 0x00,
  0x00, 0x00, 0x00, 0x00, 0x00, 0x00, 0x00, 0x00, 0x00, 0x00, 0x00, 0x00,
  0x00, 0x00, 0x00, 0x00, 0x00, 0x00, 0x00, 0x00, 0x00, 0x00, 0x00, 0x00,
  0x00, 0x00, 0x00, 0x00, 0x00, 0x00, 0x00, 0x00, 0x00, 0x00, 0x00, 0x00,
  0x00, 0x00, 0x00, 0x00, 0x00, 0x00, 0x00, 0x00, 0x00, 0x00, 0x00, 0x00,
  0x00, 0x00, 0x00, 0x00, 0x00, 0x00, 0x00, 0x00, 0x08, 0x00, 0x00, 0x00,
  0xa8, 0x78, 0x06, 0x3b, 0x2d, 0x6f, 0xf9, 0x3a, 0x38, 0xc0, 0xe8, 0x3a,
  0x39, 0x72, 0x40, 0x3b, 0x43, 0xc9, 0x08, 0x3b, 0x95, 0x27, 0x1b, 0x3b,
  0xe2, 0xc7, 0x18, 0x3b, 0xa0, 0x98, 0x17, 0x3b, 0x12, 0x00, 0x00, 0x00,
  0x74, 0x66, 0x6c, 0x2e, 0x70, 0x73, 0x65, 0x75, 0x64, 0x6f, 0x5f, 0x71,
  0x63, 0x6f, 0x6e, 0x73, 0x74, 0x39, 0x00, 0x00, 0x04, 0x00, 0x00, 0x00,
  0x08, 0x00, 0x00, 0x00, 0x03, 0x00, 0x00, 0x00, 0x03, 0x00, 0x00, 0x00,
  0x01, 0x00, 0x00, 0x00, 0xda, 0xf4, 0xff, 0xff, 0x00, 0x00, 0x00, 0x01,
  0x14, 0x00, 0x00, 0x00, 0x84, 0x00, 0x00, 0x00, 0x0b, 0x00, 0x00, 0x00,
  0x00, 0x00, 0x00, 0x02, 0x90, 0x00, 0x00, 0x00, 0x54, 0xf4, 0xff, 0xff,
  0x08, 0x00, 0x00, 0x00, 0x48, 0x00, 0x00, 0x00, 0x08, 0x00, 0x00, 0x00,
  0x00, 0x00, 0x00, 0x00, 0x00, 0x00, 0x00, 0x00, 0x00, 0x00, 0x00, 0x00,
  0x00, 0x00, 0x00, 0x00, 0x00, 0x00, 0x00, 0x00, 0x00, 0x00, 0x00, 0x00,
  0x00, 0x00, 0x00, 0x00, 0x00, 0x00, 0x00, 0x00, 0x00, 0x00, 0x00, 0x00,
  0x00, 0x00, 0x00, 0x00, 0x00, 0x00, 0x00, 0x00, 0x00, 0x00, 0x00, 0x00,
  0x00, 0x00, 0x00, 0x00, 0x00, 0x00, 0x00, 0x00, 0x00, 0x00, 0x00, 0x00,
  0x00, 0x00, 0x00, 0x00, 0x08, 0x00, 0x00, 0x00, 0x34, 0xfc, 0x06, 0x37,
  0x2f, 0x63, 0xfa, 0x36, 0xe8, 0xa3, 0xe9, 0x36, 0x7b, 0x2e, 0x41, 0x37,
  0x12, 0x4f, 0x09, 0x37, 0x5c, 0xbf, 0x1b, 0x37, 0x57, 0x5d, 0x19, 0x37,
  0xec, 0x2c, 0x18, 0x37, 0x12, 0x00, 0x00, 0x00, 0x74, 0x66, 0x6c, 0x2e,
  0x70, 0x73, 0x65, 0x75, 0x64, 0x6f, 0x5f, 0x71, 0x63, 0x6f, 0x6e, 0x73,
  0x74, 0x38, 0x00, 0x00, 0x01, 0x00, 0x00, 0x00, 0x08, 0x00, 0x00, 0x00,
  0x8a, 0xf5, 0xff, 0xff, 0x00, 0x00, 0x00, 0x01, 0x14, 0x00, 0x00, 0x00,
  0xe8, 0x00, 0x00, 0x00, 0x0a, 0x00, 0x00, 0x00, 0x00, 0x00, 0x00, 0x09,
  0xf4, 0x00, 0x00, 0x00, 0x04, 0xf5, 0xff, 0xff, 0x08, 0x00, 0x00, 0x00,
  0x8c, 0x00, 0x00, 0x00, 0x10, 0x00, 0x00, 0x00, 0x00, 0x00, 0x00, 0x00,
  0x00, 0x00, 0x00, 0x00, 0x00, 0x00, 0x00, 0x00, 0x00, 0x00, 0x00, 0x00,
  0x00, 0x00, 0x00, 0x00, 0x00, 0x00, 0x00, 0x00, 0x00, 0x00, 0x00, 0x00,
  0x00, 0x00, 0x00, 0x00, 0x00, 0x00, 0x00, 0x00, 0x00, 0x00, 0x00, 0x00,
  0x00, 0x00, 0x00, 0x00, 0x00, 0x00, 0x00, 0x00, 0x00, 0x00, 0x00, 0x00,
  0x00, 0x00, 0x00, 0x00, 0x00, 0x00, 0x00, 0x00, 0x00, 0x00, 0x00, 0x00,
  0x00, 0x00, 0x00, 0x00, 0x00, 0x00, 0x00, 0x00, 0x00, 0x00, 0x00, 0x00,
  0x00, 0x00, 0x00, 0x00, 0x00, 0x00, 0x00, 0x00, 0x00, 0x00, 0x00, 0x00,
  0x00, 0x00, 0x00, 0x00, 0x00, 0x00, 0x00, 0x00, 0x00, 0x00, 0x00, 0x00,
  0x00, 0x00, 0x00, 0x00, 0x00, 0x00, 0x00, 0x00, 0x00, 0x00, 0x00, 0x00,
  0x00, 0x00, 0x00, 0x00, 0x00, 0x00, 0x00, 0x00, 0x00, 0x00, 0x00, 0x00,
  0x00, 0x00, 0x00, 0x00, 0x00, 0x00, 0x00, 0x00, 0x10, 0x00, 0x00, 0x00,
  0x5b, 0x5c, 0x68, 0x3b, 0x05, 0x8b, 0x1f, 0x3b, 0x07, 0x43, 0x19, 0x3b,
  0x25, 0xce, 0x33, 0x3b, 0xb1, 0xbf, 0x61, 0x3b, 0x67, 0x91, 0xb7, 0x3a,
  0xd4, 0x60, 0xb0, 0x3a, 0x07, 0xed, 0x07, 0x3b, 0xd7, 0x2d, 0x05, 0x3b,
  0xc5, 0x78, 0x47, 0x3b, 0xef, 0x7c, 0x92, 0x3b, 0xa1, 0xef, 0x1f, 0x3b,
  0xb9, 0xad, 0x12, 0x3b, 0x41, 0xeb, 0x41, 0x3b, 0x17, 0x42, 0x2a, 0x3b,
  0x78, 0x6f, 0x37, 0x3b, 0x12, 0x00, 0x00, 0x00, 0x74, 0x66, 0x6c, 0x2e,
  0x70, 0x73, 0x65, 0x75, 0x64, 0x6f, 0x5f, 0x71, 0x63, 0x6f, 0x6e, 0x73,
  0x74, 0x37, 0x00, 0x00, 0x04, 0x00, 0x00, 0x00, 0x10, 0x00, 0x00, 0x00,
  0x03, 0x00, 0x00, 0x00, 0x03, 0x00, 0x00, 0x00, 0x08, 0x00, 0x00, 0x00,
  0xaa, 0xf6, 0xff, 0xff, 0x00, 0x00, 0x00, 0x01, 0x14, 0x00, 0x00, 0x00,
  0xe4, 0x00, 0x00, 0x00, 0x09, 0x00, 0x00, 0x00, 0x00, 0x00, 0x00, 0x02,
  0xf0, 0x00, 0x00, 0x00, 0x24, 0xf6, 0xff, 0xff, 0x08, 0x00, 0x00, 0x00,
  0x88, 0x00, 0x00, 0x00, 0x10, 0x00, 0x00, 0x00, 0x00, 0x00, 0x00, 0x00,
  0x00, 0x00, 0x00, 0x00, 0x00, 0x00, 0x00, 0x00, 0x00, 0x00, 0x00, 0x00,
  0x00, 0x00, 0x00, 0x00, 0x00, 0x00, 0x00, 0x00, 0x00, 0x00, 0x00, 0x00,
  0x00, 0x00, 0x00, 0x00, 0x00, 0x00, 0x00, 0x00, 0x00, 0x00, 0x00, 0x00,
  0x00, 0x00, 0x00, 0x00, 0x00, 0x00, 0x00, 0x00, 0x00, 0x00, 0x00, 0x00,
  0x00, 0x00, 0x00, 0x00, 0x00, 0x00, 0x00, 0x00, 0x00, 0x00, 0x00, 0x00,
  0x00, 0x00, 0x00, 0x00, 0x00, 0x00, 0x00, 0x00, 0x00, 0x00, 0x00, 0x00,
  0x00, 0x00, 0x00, 0x00, 0x00, 0x00, 0x00, 0x00, 0x00, 0x00, 0x00, 0x00,
  0x00, 0x00, 0x00, 0x00, 0x00, 0x00, 0x00, 0x00, 0x00, 0x00, 0x00, 0x00,
  0x00, 0x00, 0x00, 0x00, 0x00, 0x00, 0x00, 0x00, 0x00, 0x00, 0x00, 0x00,
  0x00, 0x00, 0x00, 0x00, 0x00, 0x00, 0x00, 0x00, 0x00, 0x00, 0x00, 0x00,
  0x00, 0x00, 0x00, 0x00, 0x10, 0x00, 0x00, 0x00, 0x6d, 0x6f, 0x99, 0x37,
  0xe8, 0xb3, 0x52, 0x37, 0x4a, 0x68, 0x4a, 0x37, 0x5b, 0x76, 0x6d, 0x37,
  0xb4, 0x11, 0x95, 0x37, 0x7f, 0x6e, 0xf2, 0x36, 0xb7, 0xef, 0xe8, 0x36,
  0x2f, 0x83, 0x33, 0x37, 0x82, 0xe2, 0x2f, 0x37, 0xb4, 0xb7, 0x83, 0x37,
  0x23, 0x76, 0xc1, 0x37, 0xc7, 0x38, 0x53, 0x37, 0x92, 0xb6, 0x41, 0x37,
  0x08, 0x0d, 0x80, 0x37, 0x95, 0xda, 0x60, 0x37, 0xaf, 0x41, 0x72, 0x37,
  0x12, 0x00, 0x00, 0x00, 0x74, 0x66, 0x6c, 0x2e, 0x70, 0x73, 0x65, 0x75,
  0x64, 0x6f, 0x5f, 0x71, 0x63, 0x6f, 0x6e, 0x73, 0x74, 0x36, 0x00, 0x00,
  0x01, 0x00, 0x00, 0x00, 0x10, 0x00, 0x00, 0x00, 0xba, 0xf7, 0xff, 0xff,
  0x00, 0x00, 0x00, 0x01, 0x14, 0x00, 0x00, 0x00, 0xa8, 0x01, 0x00, 0x00,
  0x08, 0x00, 0x00, 0x00, 0x00, 0x00, 0x00, 0x09, 0xb4, 0x01, 0x00, 0x00,
  0x34, 0xf7, 0xff, 0xff, 0x08, 0x00, 0x00, 0x00, 0x0c, 0x01, 0x00, 0x00,
  0x20, 0x00, 0x00, 0x00, 0x00, 0x00, 0x00, 0x00, 0x00, 0x00, 0x00, 0x00,
  0x00, 0x00, 0x00, 0x00, 0x00, 0x00, 0x00, 0x00, 0x00, 0x00, 0x00, 0x00,
  0x00, 0x00, 0x00, 0x00, 0x00, 0x00, 0x00, 0x00, 0x00, 0x00, 0x00, 0x00,
  0x00, 0x00, 0x00, 0x00, 0x00, 0x00, 0x00, 0x00, 0x00, 0x00, 0x00, 0x00,
  0x00, 0x00, 0x00, 0x00, 0x00, 0x00, 0x00, 0x00, 0x00, 0x00, 0x00, 0x00,
  0x00, 0x00, 0x00, 0x00, 0x00, 0x00, 0x00, 0x00, 0x00, 0x00, 0x00, 0x00,
  0x00, 0x00, 0x00, 0x00, 0x00, 0x00, 0x00, 0x00, 0x00, 0x00, 0x00, 0x00,
  0x00, 0x00, 0x00, 0x00, 0x00, 0x00, 0x00, 0x00, 0x00, 0x00, 0x00, 0x00,
  0x00, 0x00, 0x00, 0x00, 0x00, 0x00, 0x00, 0x00, 0x00, 0x00, 0x00, 0x00,
  0x00, 0x00, 0x00, 0x00, 0x00, 0x00, 0x00, 0x00, 0x00, 0x00, 0x00, 0x00,
  0x00, 0x00, 0x00, 0x00, 0x00, 0x00, 0x00, 0x00, 0x00, 0x00, 0x00, 0x00,
  0x00, 0x00, 0x00, 0x00, 0x00, 0x00, 0x00, 0x00, 0x00, 0x00, 0x00, 0x00,
  0x00, 0x00, 0x00, 0x00, 0x00, 0x00, 0x00, 0x00, 0x00, 0x00, 0x00, 0x00,
  0x00, 0x00, 0x00, 0x00, 0x00, 0x00, 0x00, 0x00, 0x00, 0x00, 0x00, 0x00,
  0x00, 0x00, 0x00, 0x00, 0x00, 0x00, 0x00, 0x00, 0x00, 0x00, 0x00, 0x00,
  0x00, 0x00, 0x00, 0x00, 0x00, 0x00, 0x00, 0x00, 0x00, 0x00, 0x00, 0x00,
  0x00, 0x00, 0x00, 0x00, 0x00, 0x00, 0x00, 0x00, 0x00, 0x00, 0x00, 0x00,
  0x00, 0x00, 0x00, 0x00, 0x00, 0x00, 0x00, 0x00, 0x00, 0x00, 0x00, 0x00,
  0x00, 0x00, 0x00, 0x00, 0x00, 0x00, 0x00, 0x00, 0x00, 0x00, 0x00, 0x00,
  0x00, 0x00, 0x00, 0x00, 0x00, 0x00, 0x00, 0x00, 0x00, 0x00, 0x00, 0x00,
  0x00, 0x00, 0x00, 0x00, 0x00, 0x00, 0x00, 0x00, 0x00, 0x00, 0x00, 0x00,
  0x00, 0x00, 0x00, 0x00, 0x00, 0x00, 0x00, 0x00, 0x00, 0x00, 0x00, 0x00,
  0x20, 0x00, 0x00, 0x00, 0xe0, 0x1e, 0xfd, 0x3a, 0xe0, 0xd4, 0x0e, 0x3b,
  0xbd, 0x7e, 0x14, 0x3b, 0x7f, 0x04, 0x18, 0x3b, 0x96, 0x72, 0x41, 0x3b,
  0x09, 0x0f, 0x04, 0x3b, 0x71, 0x50, 0x05, 0x3b, 0x84, 0x60, 0x0c, 0x3b,
  0xb8, 0x59, 0x83, 0x3a, 0xac, 0x35, 0x9b, 0x3a, 0x6b, 0x1e, 0x05, 0x3b,
  0x76, 0x75, 0x6f, 0x3a, 0x0d, 0xfe, 0x8b, 0x3a, 0xd9, 0xac, 0xee, 0x3a,
  0x0b, 0x29, 0xe0, 0x3a, 0x92, 0x77, 0xbd, 0x3a, 0xd6, 0x96, 0x12, 0x3b,
  0x9d, 0xa1, 0x12, 0x3b, 0xbf, 0x53, 0x14, 0x3b, 0xcb, 0xfe, 0x17, 0x3b,
  0x14, 0xda, 0xec, 0x3a, 0x51, 0x87, 0x2e, 0x3b, 0x15, 0xb4, 0x7a, 0x3a,
  0xbf, 0x68, 0x0e, 0x3b, 0x5f, 0x62, 0x04, 0x3b, 0xc4, 0x0e, 0xff, 0x3a,
  0x5d, 0x71, 0x0b, 0x3b, 0x23, 0xdf, 0x0a, 0x3b, 0x71, 0x7a, 0xf3, 0x3a,
  0xcb, 0xb0, 0xe7, 0x3a, 0x8f, 0xaf, 0xe6, 0x3a, 0x51, 0xe6, 0x21, 0x3b,
  0x12, 0x00, 0x00, 0x00, 0x74, 0x66, 0x6c, 0x2e, 0x70, 0x73, 0x65, 0x75,
  0x64, 0x6f, 0x5f, 0x71, 0x63, 0x6f, 0x6e, 0x73, 0x74, 0x35, 0x00, 0x00,
  0x04, 0x00, 0x00, 0x00, 0x20, 0x00, 0x00, 0x00, 0x03, 0x00, 0x00, 0x00,
  0x03, 0x00, 0x00, 0x00, 0x10, 0x00, 0x00, 0x00, 0x9a, 0xf9, 0xff, 0xff,
  0x00, 0x00, 0x00, 0x01, 0x14, 0x00, 0x00, 0x00, 0xa4, 0x01, 0x00, 0x00,
  0x07, 0x00, 0x00, 0x00, 0x00, 0x00, 0x00, 0x02, 0xb0, 0x01, 0x00, 0x00,
  0x14, 0xf9, 0xff, 0xff, 0x08, 0x00, 0x00, 0x00, 0x08, 0x01, 0x00, 0x00,
  0x20, 0x00, 0x00, 0x00, 0x00, 0x00, 0x00, 0x00, 0x00, 0x00, 0x00, 0x00,
  0x00, 0x00, 0x00, 0x00, 0x00, 0x00, 0x00, 0x00, 0x00, 0x00, 0x00, 0x00,
  0x00, 0x00, 0x00, 0x00, 0x00, 0x00, 0x00, 0x00, 0x00, 0x00, 0x00, 0x00,
  0x00, 0x00, 0x00, 0x00, 0x00, 0x00, 0x00, 0x00, 0x00, 0x00, 0x00, 0x00,
  0x00, 0x00, 0x00, 0x00, 0x00, 0x00, 0x00, 0x00, 0x00, 0x00, 0x00, 0x00,
  0x00, 0x00, 0x00, 0x00, 0x00, 0x00, 0x00, 0x00, 0x00, 0x00, 0x00, 0x00,
  0x00, 0x00, 0x00, 0x00, 0x00, 0x00, 0x00, 0x00, 0x00, 0x00, 0x00, 0x00,
  0x00, 0x00, 0x00, 0x00, 0x00, 0x00, 0x00, 0x00, 0x00, 0x00, 0x00, 0x00,
  0x00, 0x00, 0x00, 0x00, 0x00, 0x00, 0x00, 0x00, 0x00, 0x00, 0x00, 0x00,
  0x00, 0x00, 0x00, 0x00, 0x00, 0x00, 0x00, 0x00, 0x00, 0x00, 0x00, 0x00,
  0x00, 0x00, 0x00, 0x00, 0x00, 0x00, 0x00, 0x00, 0x00, 0x00, 0x00, 0x00,
  0x00, 0x00, 0x00, 0x00, 0x00, 0x00, 0x00, 0x00, 0x00, 0x00, 0x00, 0x00,
  0x00, 0x00, 0x00, 0x00, 0x00, 0x00, 0x00, 0x00, 0x00, 0x00, 0x00, 0x00,
  0x00, 0x00, 0x00, 0x00, 0x00, 0x00, 0x00, 0x00, 0x00, 0x00, 0x00, 0x00,
  0x00, 0x00, 0x00, 0x00, 0x00, 0x00, 0x00, 0x00, 0x00, 0x00, 0x00, 0x00,
  0x00, 0x00, 0x00, 0x00, 0x00, 0x00, 0x00, 0x00, 0x00, 0x00, 0x00, 0x00,
  0x00, 0x00, 0x00, 0x00, 0x00, 0x00, 0x00, 0x00, 0x00, 0x00, 0x00, 0x00,
  0x00, 0x00, 0x00, 0x00, 0x00, 0x00, 0x00, 0x00, 0x00, 0x00, 0x00, 0x00,
  0x00, 0x00, 0x00, 0x00, 0x00, 0x00, 0x00, 0x00, 0x00, 0x00, 0x00, 0x00,
  0x00, 0x00, 0x00, 0x00, 0x00, 0x00, 0x00, 0x00, 0x00, 0x00, 0x00, 0x00,
  0x00, 0x00, 0x00, 0x00, 0x00, 0x00, 0x00, 0x00, 0x00, 0x00, 0x00, 0x00,
  0x00, 0x00, 0x00, 0x00, 0x00, 0x00, 0x00, 0x00, 0x20, 0x00, 0x00, 0x00,
  0xd7, 0xc8, 0x28, 0x37, 0xfe, 0x7b, 0x3e, 0x37, 0x92, 0x09, 0x46, 0x37,
  0x2f, 0xbc, 0x4a, 0x37, 0x63, 0xfe, 0x80, 0x37, 0x0e, 0x1e, 0x30, 0x37,
  0xb1, 0xca, 0x31, 0x37, 0xfe, 0x35, 0x3b, 0x37, 0x3f, 0x2c, 0xaf, 0x36,
  0xfe, 0xfd, 0xce, 0x36, 0xfb, 0x87, 0x31, 0x37, 0xb7, 0xac, 0x9f, 0x36,
  0xad, 0xb2, 0xba, 0x36, 0xf1, 0x26, 0x1f, 0x37, 0x30, 0x79, 0x15, 0x37,
  0xc9, 0xad, 0xfc, 0x36, 0xe4, 0x7e, 0x43, 0x37, 0x43, 0x8d, 0x43, 0x37,
  0x3c, 0xd0, 0x45, 0x37, 0x94, 0xb4, 0x4a, 0x37, 0xb2, 0xef, 0x1d, 0x37,
  0xa6, 0xc1, 0x68, 0x37, 0x39, 0x2c, 0xa7, 0x36, 0xca, 0xeb, 0x3d, 0x37,
  0x32, 0x8d, 0x30, 0x37, 0x82, 0x13, 0x2a, 0x37, 0x0d, 0xf7, 0x39, 0x37,
  0x0a, 0x34, 0x39, 0x37, 0xdb, 0x5a, 0x22, 0x37, 0xa4, 0x7e, 0x1a, 0x37,
  0x1d, 0xd3, 0x19, 0x37, 0x06, 0xea, 0x57, 0x37, 0x12, 0x00, 0x00, 0x00,
  0x74, 0x66, 0x6c, 0x2e, 0x70, 0x73, 0x65, 0x75, 0x64, 0x6f, 0x5f, 0x71,
  0x63, 0x6f, 0x6e, 0x73, 0x74, 0x34, 0x00, 0x00, 0x01, 0x00, 0x00, 0x00,
  0x20, 0x00, 0x00, 0x00, 0x6a, 0xfb, 0xff, 0xff, 0x00, 0x00, 0x00, 0x01,
  0x14, 0x00, 0x00, 0x00, 0xa8, 0x01, 0x00, 0x00, 0x06, 0x00, 0x00, 0x00,
  0x00, 0x00, 0x00, 0x09, 0xb4, 0x01, 0x00, 0x00, 0xe4, 0xfa, 0xff, 0xff,
  0x08, 0x00, 0x00, 0x00, 0x0c, 0x01, 0x00, 0x00, 0x20, 0x00, 0x00, 0x00,
  0x00, 0x00, 0x00, 0x00, 0x00, 0x00, 0x00, 0x00, 0x00, 0x00, 0x00, 0x00,
  0x00, 0x00, 0x00, 0x00, 0x00, 0x00, 0x00, 0x00, 0x00, 0x00, 0x00, 0x00,
  0x00, 0x00, 0x00, 0x00, 0x00, 0x00, 0x00, 0x00, 0x00, 0x00, 0x00, 0x00,
  0x00, 0x00, 0x00, 0x00, 0x00, 0x00, 0x00, 0x00, 0x00, 0x00, 0x00, 0x00,
  0x00, 0x00, 0x00, 0x00, 0x00, 0x00, 0x00, 0x00, 0x00, 0x00, 0x00, 0x00,
  0x00, 0x00, 0x00, 0x00, 0x00, 0x00, 0x00, 0x00, 0x00, 0x00, 0x00, 0x00,
  0x00, 0x00, 0x00, 0x00, 0x00, 0x00, 0x00, 0x00, 0x00, 0x00, 0x00, 0x00,
  0x00, 0x00, 0x00, 0x00, 0x00, 0x00, 0x00, 0x00, 0x00, 0x00, 0x00, 0x00,
  0x00, 0x00, 0x00, 0x00, 0x00, 0x00, 0x00, 0x00, 0x00, 0x00, 0x00, 0x00,
  0x00, 0x00, 0x00, 0x00, 0x00, 0x00, 0x00, 0x00, 0x00, 0x00, 0x00, 0x00,
  0x00, 0x00, 0x00, 0x00, 0x00, 0x00, 0x00, 0x00, 0x00, 0x00, 0x00, 0x00,
  0x00, 0x00, 0x00, 0x00, 0x00, 0x00, 0x00, 0x00, 0x00, 0x00, 0x00, 0x00,
  0x00, 0x00, 0x00, 0x00, 0x00, 0x00, 0x00, 0x00, 0x00, 0x00, 0x00, 0x00,
  0x00, 0x00, 0x00, 0x00, 0x00, 0x00, 0x00, 0x00, 0x00, 0x00, 0x00, 0x00,
  0x00, 0x00, 0x00, 0x00, 0x00, 0x00, 0x00, 0x00, 0x00, 0x00, 0x00, 0x00,
  0x00, 0x00, 0x00, 0x00, 0x00, 0x00, 0x00, 0x00, 0x00, 0x00, 0x00, 0x00,
  0x00, 0x00, 0x00, 0x00, 0x00, 0x00, 0x00, 0x00, 0x00, 0x00, 0x00, 0x00,
  0x00, 0x00, 0x00, 0x00, 0x00, 0x00, 0x00, 0x00, 0x00, 0x00, 0x00, 0x00,
  0x00, 0x00, 0x00, 0x00, 0x00, 0x00, 0x00, 0x00, 0x00, 0x00, 0x00, 0x00,
  0x00, 0x00, 0x00, 0x00, 0x00, 0x00, 0x00, 0x00, 0x00, 0x00, 0x00, 0x00,
  0x00, 0x00, 0x00, 0x00, 0x00, 0x00, 0x00, 0x00, 0x00, 0x00, 0x00, 0x00,
  0x00, 0x00, 0x00, 0x00, 0x00, 0x00, 0x00, 0x00, 0x20, 0x00, 0x00, 0x00,
  0xbf, 0xa9, 0xd5, 0x3a, 0xf3, 0x69, 0x34, 0x3b, 0xea, 0xcc, 0x3b, 0x3b,
  0x38, 0x44, 0x8c, 0x3b, 0xc4, 0x6c, 0x2c, 0x3b, 0x41, 0xd2, 0xc7, 0x3a,
  0x9a, 0xf0, 0x62, 0x3b, 0x94, 0x90, 0x3f, 0x3b, 0x31, 0x15, 0xe2, 0x3a,
  0x44, 0xfe, 0x4f, 0x3b, 0x4e, 0x40, 0x22, 0x3b, 0xaf, 0x3f, 0x25, 0x3b,
  0x21, 0x23, 0x82, 0x3b, 0x91, 0xb7, 0xc4, 0x3a, 0x87, 0x91, 0x21, 0x3b,
  0x83, 0xcc, 0x61, 0x3b, 0xe0, 0xce, 0x4c, 0x3b, 0x02, 0x36, 0x3d, 0x3b,
  0x44, 0x67, 0x3f, 0x3b, 0x91, 0x16, 0x28, 0x3b, 0x8f, 0xc7, 0xce, 0x3a,
  0xcd, 0x69, 0x54, 0x3b, 0xbc, 0x10, 0x51, 0x3b, 0xe8, 0x40, 0x4d, 0x3b,
  0xbd, 0x5a, 0x43, 0x3b, 0x7a, 0x08, 0xcf, 0x3a, 0x60, 0xf1, 0x53, 0x3b,
  0x7e, 0xcc, 0xc6, 0x3a, 0x95, 0x64, 0x20, 0x3b, 0xdb, 0xe2, 0x65, 0x3b,
  0x7c, 0x3e, 0x3f, 0x3b, 0x8d, 0x53, 0x42, 0x3b, 0x12, 0x00, 0x00, 0x00,
  0x74, 0x66, 0x6c, 0x2e, 0x70, 0x73, 0x65, 0x75, 0x64, 0x6f, 0x5f, 0x71,
  0x63, 0x6f, 0x6e, 0x73, 0x74, 0x33, 0x00, 0x00, 0x02, 0x00, 0x00, 0x00,
  0x20, 0x00, 0x00, 0x00, 0x80, 0x00, 0x00, 0x00, 0x42, 0xfd, 0xff, 0xff,
  0x00, 0x00, 0x00, 0x01, 0x14, 0x00, 0x00, 0x00, 0xa4, 0x01, 0x00, 0x00,
  0x05, 0x00, 0x00, 0x00, 0x00, 0x00, 0x00, 0x02, 0xb0, 0x01, 0x00, 0x00,
  0xbc, 0xfc, 0xff, 0xff, 0x08, 0x00, 0x00, 0x00, 0x08, 0x01, 0x00, 0x00,
  0x20, 0x00, 0x00, 0x00, 0x00, 0x00, 0x00, 0x00, 0x00, 0x00, 0x00, 0x00,
  0x00, 0x00, 0x00, 0x00, 0x00, 0x00, 0x00, 0x00, 0x00, 0x00, 0x00, 0x00,
  0x00, 0x00, 0x00, 0x00, 0x00, 0x00, 0x00, 0x00, 0x00, 0x00, 0x00, 0x00,
  0x00, 0x00, 0x00, 0x00, 0x00, 0x00, 0x00, 0x00, 0x00, 0x00, 0x00, 0x00,
  0x00, 0x00, 0x00, 0x00, 0x00, 0x00, 0x00, 0x00, 0x00, 0x00, 0x00, 0x00,
  0x00, 0x00, 0x00, 0x00, 0x00, 0x00, 0x00, 0x00, 0x00, 0x00, 0x00, 0x00,
  0x00, 0x00, 0x00, 0x00, 0x00, 0x00, 0x00, 0x00, 0x00, 0x00, 0x00, 0x00,
  0x00, 0x00, 0x00, 0x00, 0x00, 0x00, 0x00, 0x00, 0x00, 0x00, 0x00, 0x00,
  0x00, 0x00, 0x00, 0x00, 0x00, 0x00, 0x00, 0x00, 0x00, 0x00, 0x00, 0x00,
  0x00, 0x00, 0x00, 0x00, 0x00, 0x00, 0x00, 0x00, 0x00, 0x00, 0x00, 0x00,
  0x00, 0x00, 0x00, 0x00, 0x00, 0x00, 0x00, 0x00, 0x00, 0x00, 0x00, 0x00,
  0x00, 0x00, 0x00, 0x00, 0x00, 0x00, 0x00, 0x00, 0x00, 0x00, 0x00, 0x00,
  0x00, 0x00, 0x00, 0x00, 0x00, 0x00, 0x00, 0x00, 0x00, 0x00, 0x00, 0x00,
  0x00, 0x00, 0x00, 0x00, 0x00, 0x00, 0x00, 0x00, 0x00, 0x00, 0x00, 0x00,
  0x00, 0x00, 0x00, 0x00, 0x00, 0x00, 0x00, 0x00, 0x00, 0x00, 0x00, 0x00,
  0x00, 0x00, 0x00, 0x00, 0x00, 0x00, 0x00, 0x00, 0x00, 0x00, 0x00, 0x00,
  0x00, 0x00, 0x00, 0x00, 0x00, 0x00, 0x00, 0x00, 0x00, 0x00, 0x00, 0x00,
  0x00, 0x00, 0x00, 0x00, 0x00, 0x00, 0x00, 0x00, 0x00, 0x00, 0x00, 0x00,
  0x00, 0x00, 0x00, 0x00, 0x00, 0x00, 0x00, 0x00, 0x00, 0x00, 0x00, 0x00,
  0x00, 0x00, 0x00, 0x00, 0x00, 0x00, 0x00, 0x00, 0x00, 0x00, 0x00, 0x00,
  0x00, 0x00, 0x00, 0x00, 0x00, 0x00, 0x00, 0x00, 0x00, 0x00, 0x00, 0x00,
  0x00, 0x00, 0x00, 0x00, 0x00, 0x00, 0x00, 0x00, 0x20, 0x00, 0x00, 0x00,
  0x5c, 0xd4, 0x9d, 0x37, 0xd4, 0x44, 0x05, 0x38, 0xa8, 0xb9, 0x0a, 0x38,
  0xab, 0x39, 0x4f, 0x38, 0x2c, 0xbc, 0xfe, 0x37, 0xd7, 0x9a, 0x93, 0x37,
  0x0a, 0xa3, 0x27, 0x38, 0x80, 0x81, 0x0d, 0x38, 0xf7, 0x00, 0xa7, 0x37,
  0x2d, 0xa4, 0x19, 0x38, 0x6c, 0xb4, 0xef, 0x37, 0x20, 0x22, 0xf4, 0x37,
  0xb8, 0x42, 0x40, 0x38, 0xd1, 0x4f, 0x91, 0x37, 0x36, 0xb2, 0xee, 0x37,
  0x47, 0xcb, 0x26, 0x38, 0xdc, 0x49, 0x17, 0x38, 0x64, 0xc4, 0x0b, 0x38,
  0xfb, 0x62, 0x0d, 0x38, 0xff, 0x53, 0xf8, 0x37, 0xa9, 0xbe, 0x98, 0x37,
  0x05, 0xe8, 0x1c, 0x38, 0xeb, 0x6e, 0x1a, 0x38, 0x17, 0x9e, 0x17, 0x38,
  0x24, 0x4e, 0x10, 0x38, 0x9d, 0xee, 0x98, 0x37, 0x10, 0x8f, 0x1c, 0x38,
  0x7b, 0xd9, 0x92, 0x37, 0x9b, 0xf5, 0xec, 0x37, 0x32, 0xd0, 0x29, 0x38,
  0xdc, 0x44, 0x0d, 0x38, 0xbb, 0x8b, 0x0f, 0x38, 0x12, 0x00, 0x00, 0x00,
  0x74, 0x66, 0x6c, 0x2e, 0x70, 0x73, 0x65, 0x75, 0x64, 0x6f, 0x5f, 0x71,
  0x63, 0x6f, 0x6e, 0x73, 0x74, 0x32, 0x00, 0x00, 0x01, 0x00, 0x00, 0x00,
  0x20, 0x00, 0x00, 0x00, 0x12, 0xff, 0xff, 0xff, 0x00, 0x00, 0x00, 0x01,
  0x14, 0x00, 0x00, 0x00, 0x48, 0x00, 0x00, 0x00, 0x04, 0x00, 0x00, 0x00,
  0x00, 0x00, 0x00, 0x09, 0x54, 0x00, 0x00, 0x00, 0x8c, 0xfe, 0xff, 0xff,
  0x08, 0x00, 0x00, 0x00, 0x20, 0x00, 0x00, 0x00, 0x03, 0x00, 0x00, 0x00,
  0x00, 0x00, 0x00, 0x00, 0x00, 0x00, 0x00, 0x00, 0x00, 0x00, 0x00, 0x00,
  0x00, 0x00, 0x00, 0x00, 0x00, 0x00, 0x00, 0x00, 0x00, 0x00, 0x00, 0x00,
  0x03, 0x00, 0x00, 0x00, 0x8c, 0x3a, 0x8f, 0x3b, 0x9b, 0x56, 0xa0, 0x3b,
  0xa6, 0xbb, 0xb3, 0x3b, 0x12, 0x00, 0x00, 0x00, 0x74, 0x66, 0x6c, 0x2e,
  0x70, 0x73, 0x65, 0x75, 0x64, 0x6f, 0x5f, 0x71, 0x63, 0x6f, 0x6e, 0x73,
  0x74, 0x31, 0x00, 0x00, 0x02, 0x00, 0x00, 0x00, 0x03, 0x00, 0x00, 0x00,
  0x20, 0x00, 0x00, 0x00, 0x8a, 0xff, 0xff, 0xff, 0x00, 0x00, 0x00, 0x01,
  0x14, 0x00, 0x00, 0x00, 0x48, 0x00, 0x00, 0x00, 0x03, 0x00, 0x00, 0x00,
  0x00, 0x00, 0x00, 0x02, 0x54, 0x00, 0x00, 0x00, 0x04, 0xff, 0xff, 0xff,
  0x08, 0x00, 0x00, 0x00, 0x20, 0x00, 0x00, 0x00, 0x03, 0x00, 0x00, 0x00,
  0x00, 0x00, 0x00, 0x00, 0x00, 0x00, 0x00, 0x00, 0x00, 0x00, 0x00, 0x00,
  0x00, 0x00, 0x00, 0x00, 0x00, 0x00, 0x00, 0x00, 0x00, 0x00, 0x00, 0x00,
  0x03, 0x00, 0x00, 0x00, 0x32, 0x9c, 0xca, 0x38, 0x31, 0xd0, 0xe2, 0x38,
  0xb3, 0x3f, 0xfe, 0x38, 0x11, 0x00, 0x00, 0x00, 0x74, 0x66, 0x6c, 0x2e,
  0x70, 0x73, 0x65, 0x75, 0x64, 0x6f, 0x5f, 0x71, 0x63, 0x6f, 0x6e, 0x73,
  0x74, 0x00, 0x00, 0x00, 0x01, 0x00, 0x00, 0x00, 0x03, 0x00, 0x00, 0x00,
  0x00, 0x00, 0x16, 0x00, 0x1c, 0x00, 0x18, 0x00, 0x17, 0x00, 0x10, 0x00,
  0x0c, 0x00, 0x08, 0x00, 0x00, 0x00, 0x00, 0x00, 0x00, 0x00, 0x07, 0x00,
  0x16, 0x00, 0x00, 0x00, 0x00, 0x00, 0x00, 0x01, 0x18, 0x00, 0x00, 0x00,
  0x18, 0x00, 0x00, 0x00, 0x02, 0x00, 0x00, 0x00, 0x00, 0x00, 0x00, 0x02,
  0x20, 0x00, 0x00, 0x00, 0x04, 0x00, 0x04, 0x00, 0x04, 0x00, 0x00, 0x00,
  0x0e, 0x00, 0x00, 0x00, 0x61, 0x72, 0x69, 0x74, 0x68, 0x2e, 0x63, 0x6f,
  0x6e, 0x73, 0x74, 0x61, 0x6e, 0x74, 0x00, 0x00, 0x01, 0x00, 0x00, 0x00,
  0x02, 0x00, 0x00, 0x00, 0x00, 0x00, 0x16, 0x00, 0x20, 0x00, 0x1c, 0x00,
  0x1b, 0x00, 0x14, 0x00, 0x10, 0x00, 0x0c, 0x00, 0x00, 0x00, 0x00, 0x00,
  0x08, 0x00, 0x07, 0x00, 0x16, 0x00, 0x00, 0x00, 0x00, 0x00, 0x00, 0x01,
  0x18, 0x00, 0x00, 0x00, 0x34, 0x00, 0x00, 0x00, 0x54, 0x00, 0x00, 0x00,
  0x01, 0x00, 0x00, 0x00, 0x00, 0x00, 0x00, 0x03, 0x6c, 0x00, 0x00, 0x00,
  0x04, 0x00, 0x00, 0x00, 0xff, 0xff, 0xff, 0xff, 0x20, 0x00, 0x00, 0x00,
  0x20, 0x00, 0x00, 0x00, 0x01, 0x00, 0x00, 0x00, 0x0c, 0x00, 0x0c, 0x00,
  0x00, 0x00, 0x00, 0x00, 0x08, 0x00, 0x04, 0x00, 0x0c, 0x00, 0x00, 0x00,
  0x08, 0x00, 0x00, 0x00, 0x14, 0x00, 0x00, 0x00, 0x01, 0x00, 0x00, 0x00,
  0x00, 0x00, 0x00, 0x00, 0x00, 0x00, 0x00, 0x00, 0x00, 0x00, 0x00, 0x00,
  0x01, 0x00, 0x00, 0x00, 0x37, 0x7d, 0x80, 0x3b, 0x1e, 0x00, 0x00, 0x00,
  0x73, 0x65, 0x72, 0x76, 0x69, 0x6e, 0x67, 0x5f, 0x64, 0x65, 0x66, 0x61,
  0x75, 0x6c, 0x74, 0x5f, 0x63, 0x6f, 0x6e, 0x76, 0x32, 0x64, 0x5f, 0x69,
  0x6e, 0x70, 0x75, 0x74, 0x3a, 0x30, 0x00, 0x00, 0x04, 0x00, 0x00, 0x00,
  0x01, 0x00, 0x00, 0x00, 0x20, 0x00, 0x00, 0x00, 0x20, 0x00, 0x00, 0x00,
  0x01, 0x00, 0x00, 0x00, 0x06, 0x00, 0x00, 0x00, 0x7c, 0x00, 0x00, 0x00,
  0x5c, 0x00, 0x00, 0x00, 0x3c, 0x00, 0x00, 0x00, 0x2c, 0x00, 0x00, 0x00,
  0x18, 0x00, 0x00, 0x00, 0x04, 0x00, 0x00, 0x00, 0xc4, 0xff, 0xff, 0xff,
  0x19, 0x00, 0x00, 0x00, 0x02, 0x00, 0x00, 0x00, 0x00, 0x00, 0x00, 0x19,
  0xd4, 0xff, 0xff, 0xff, 0x09, 0x00, 0x00, 0x00, 0x04, 0x00, 0x00, 0x00,
  0x00, 0x00, 0x00, 0x09, 0xc8, 0xff, 0xff, 0xff, 0x16, 0x00, 0x00, 0x00,
  0x00, 0x00, 0x00, 0x16, 0xf0, 0xff, 0xff, 0xff, 0x11, 0x00, 0x00, 0x00,
  0x02, 0x00, 0x00, 0x00, 0x00, 0x00, 0x00, 0x11, 0x0c, 0x00, 0x10, 0x00,
  0x0f, 0x00, 0x00, 0x00, 0x08, 0x00, 0x04, 0x00, 0x0c, 0x00, 0x00, 0x00,
  0x03, 0x00, 0x00, 0x00, 0x03, 0x00, 0x00, 0x00, 0x00, 0x00, 0x00, 0x03,
  0x0c, 0x00, 0x0c, 0x00, 0x0b, 0x00, 0x00, 0x00, 0x00, 0x00, 0x04, 0x00,
  0x0c, 0x00, 0x00, 0x00, 0x72, 0x00, 0x00, 0x00, 0x00, 0x00, 0x00, 0x72
};
